Source Question,Ground Truth,Source Answer,Source Answer ID,Statement (SQ+SA),Target Answer,Target Answer ID,New Question,New Answer ID,Inspection Conclusion
Which Miley Cyrus film was produced by Toby Emmerich?,"[{'kb_id': 'm.05h43ls', 'text': 'Sex and the City 2'}]",sex and the city 2,m.05h43ls,sex and the city 2 was produced by toby emmerich.,toby emmerich,m.03c9pqt,Who produced sex and the city 2 ?,"['m.02p87jt', 'm.0g9k1c', 'm.0gvp0hc', 'm.0d56x3', 'm.04yd0fh']",NA
What's the currency of the country that includes the location of Buenos Aires?,"[{'kb_id': 'm.024nzm', 'text': 'Argentine peso'}]",torcuato de alvear,m.02rqchg,torcuato de alvear's the currency of the country that includes the location of buenos aires.,buenos aires,m.01ly5m,What is the currency of the country that includes the location of ?,"['m.04gc2', 'm.06mkj', 'm.0fj9f', 'm.035fb6', 'm.09jp3', 'm.035g07', 'm.01xy0y', 'm.035fvw', 'm.035fwb', 'm.035f88', 'm.021xpj', 'm.077r68', 'm.06cxsx', 'm.07bp_x', 'm.02s8hx', 'm.07twz']",SA
Saint Ann Parish is located in the country using what kind of money?,"[{'kb_id': 'm.04xc2m', 'text': 'Jamaican dollar'}]",marcus garvey,m.018t6m,saint ann parish is located in the country using marcus garvey kind of money.,saint ann parish,m.02mzmt,Who is located in the country using marcus garvey kind of money ?,"['m.02_286', 'm.0cbd2']",SA
"What movies released after November 27, 2002 did Adam Sandler play in?","[{'kb_id': ':m.0hg5', 'text': 'Andorra'}]",spanglish,m.04p7q_,"spanglish released after november 27, 2002 did adam sandler play in.",adam sandler,m.0pz91,"Who played in the spanglish released after november 27 , 2002 ?","['m.0btp5_b', 'm.08mhyd', 'm.0fzs7k', 'm.04cv8_z', 'm.02rl0t5', 'm.02qfy90', 'm.0bd6db1', 'm.0dljpr3', 'm.0hhggp1', 'm.03cx0jb', 'm.07c72', 'm.03cj190', 'm.02q55zl']",SA
What movie with Gary Rizzo as a crew member was Taylor Swift in?,"[{'kb_id': 'm.087wc7n', 'text': 'The Lorax'}]",the lorax,m.087wc7n,the lorax was taylor swift in.,taylor swift,m.0dl567,What was the lorax called in ?,['m.03yvvsn'],FP
Which periodical published since 1837 did Edgar Allan Poe work for?,"[{'kb_id': ':m.06thjt', 'text': 'The New School'}]",the fall of the house of usher and other stories,m.04vx8x9,the fall of the house of usher and other stories periodical published since 1837 did edgar allan poe work for.,edgar allan poe,m.02lt8,Who worked for the fall of the house of usher and other stories periodical ?,"['m.02xhgwq', 'm.05z96', 'm.0cbd2', 'm.0kyk', 'm.02h667t', 'm.06zts42', 'm.028v3']",SA
What fantasy movies does Taylor Lautner play in?,"[{'kb_id': 'm.03nm_fh', 'text': 'Twilight'}, {'kb_id': 'm.05pdh86', 'text': 'The Twilight Saga: New Moon'}, {'kb_id': 'm.06crgb', 'text': 'The Adventures of Sharkboy and Lavagirl'}, {'kb_id': 'm.075wx89', 'text': 'The Twilight Saga: Breaking Dawn - Part 1'}, {'kb_id': 'm.0djz0rc', 'text': 'The Twilight Saga: Breaking Dawn - Part 2'}, {'kb_id': 'm.0gx8qcw', 'text': 'Incarceron'}]",cheaper by the dozen 2,m.066b_n,taylor lautner plays in cheaper by the dozen 2.,taylor lautner,m.07ldhs,What plays in the by the dozen 2 ?,"['m.0hqxf', 'm.06l3bl', 'm.04t36', 'm.05p553', 'm.02bqvs']",FP
In what films does the artist nominated for Dear Mama appear?,"[{'kb_id': 'm.02pkz7', 'text': 'Murder Was the Case'}, {'kb_id': 'm.06974q', 'text': 'Poetic Justice'}, {'kb_id': 'm.08dk0b', 'text': ""Gridlock'd""}, {'kb_id': 'm.08dk10', 'text': 'Above the Rim'}, {'kb_id': 'm.08w51z', 'text': 'Juice'}, {'kb_id': 'm.0c6vx0', 'text': 'Nothing but Trouble'}, {'kb_id': 'm.0cc2r_', 'text': 'Gang Related'}, {'kb_id': 'm.0f4nt1', 'text': 'Bullet'}]",tupac,m.04xl38k,the artist nominated for dear mama appears in tupac films.,dear mama,m.0zhg5s,The artist nominated for what appears in tupac films ?,"['m.04rlf', 'm.04g51', 'm.04w30vx', 'm.04xl32f', 'm.04xl335']",SA
Where were the nominees of the 18th Empire Awards born?,"[{'kb_id': 'm.0cr3d', 'text': 'Brooklyn'}]",empire award for best actress,m.0ghsz54,the nominees of the 18th empire awards were born in empire award for best actress.,18th empire awards,m.0ryv2j_,The nominees of what award were born in the empire award for best actress ?,"['m.05dbf', 'm.03kbb8']",SA
What is the official language of the Ukrainian Greek Catholic Church?,"[{'kb_id': 'm.012v8', 'text': 'Albanian language'}, {'kb_id': 'm.019yz7', 'text': 'Tatar Language'}, {'kb_id': 'm.01h2j_', 'text': 'Moldovan language'}, {'kb_id': 'm.02hxc3j', 'text': 'Romanian Language'}, {'kb_id': 'm.02ztjwg', 'text': 'Hungarian language'}, {'kb_id': 'm.06b_j', 'text': 'Russian Language'}, {'kb_id': 'm.0cjk9', 'text': 'Ukrainian Language'}]",saint nicholas' eve,m.0_m14vv,saint nicholas' eve is the official language of the ukrainian greek catholic church.,ukrainian greek catholic church,m.02cd38,Saint nicholas ' eve is the official language of what church ?,"['m.045m1_', 'm.077_fbm', 'm.03qsc', 'm.0d05l6', 'm.0_mrbts', 'm.0f6l2j', 'm.060_r', 'm.0_m1438', 'm.016s_l', 'm.016v69', 'm.01v147', 'm.04sy0c', 'm.0_lpd56', 'm.0_kvbh6', 'm.0dsq86', 'm.011ncyv_', 'm.0_lsyyw', 'm.0_kvb49', 'm.01cqmf', 'm.0k5y347', 'm.05b22_z', 'm.0_kv0v5', 'm.0497bm', 'm.0604_c', 'm.0k0c', 'm.011nkz4p', 'm.04qnzg', 'm.0n_fbc8']",SA
What's the currency of the country that includes the location of Buenos Aires?,"[{'kb_id': 'm.024nzm', 'text': 'Argentine peso'}]",boedo,m.02gv5v,boedo's the currency of the country that includes the location of buenos aires.,buenos aires,m.01ly5m,What is the currency of the country that includes the location of ?,"['m.07nt64z', 'm.07nt667', 'm.07nt63c', 'm.07nt6cy', 'm.07nt6d2', 'm.07nt66d', 'm.07nt682', 'm.07nt61y', 'm.07nt68d', 'm.07nt5fj', 'm.07nt67y', 'm.07nt687', 'm.07nt5s7', 'm.07nt636', 'm.07nt5gc', 'm.07nt5ss', 'm.07nt5gj', 'm.07nt5fp', 'm.07nt5ry', 'm.07nt5fx', 'm.07nt7lk', 'm.07nt5g1', 'm.07nt7ld', 'm.036ybq', 'm.07nt64n', 'm.07nt61s', 'm.07nt631', 'm.07nt62x']",SA
Which actor played the character Henri Ducard in Star Wars?,"[{'kb_id': 'm.0gzgj', 'text': 'Qui-Gon Jinn'}]",liam neeson,m.0h5g_,liam neeson actor played the character henri ducard in star wars.,henri ducard,m.05zryx,Who did liam neeson actor play in star wars ?,['m.0drf_'],SA
What 2011 governor of Ohio previously held a position in the Ohio Senate?,"[{'kb_id': 'm.02zzm_', 'text': 'John Kasich'}]",thomas ewing,m.0351xv,thomas ewing previously held a position in the ohio senate.,ohio senate,m.03fkgg,Where did thomas ewing previously hold a position ?,"['m.09c7w0', 'm.01x73', 'm.05k7sb', 'm.0498y', 'm.05tbn', 'm.03v1s', 'm.04ych', 'm.0gyh', 'm.04rrx', 'm.0vbk', 'm.02xry', 'm.05fjf', 'm.0488g', 'm.07b_l', 'm.04ly1', 'm.03v0t', 'm.05kj_', 'm.01n4w', 'm.05fhy', 'm.0846v', 'm.06mz5', 'm.059_c', 'm.05fjy', 'm.05fky', 'm.0vmt', 'm.05mph', 'm.04jtgly', 'm.0pqb2', 'm.04j73wk', 'm.04ml1k_', 'm.04krgfm', 'm.01lk20', 'm.01fgff', 'm.04kcmlr', 'm.0c1f1jk', 'm.04kq1qt', 'm.03bwzwk', 'm.04x_n9q', 'm.04mmb4h', 'm.01lk44', 'm.034n9c', 'm.01lk4j', 'm.04x_n9k', 'm.04x_n9w', 'm.01sn3', 'm.09qym0', 'm.09s2mm', 'm.0nbvfhf', 'm.06bt5x', 'm.06btq', 'm.0448z68', 'm.064lw9n', 'm.04d4qrk', 'm.0zf56_h', 'm.0d851', 'm.04vb4_8', 'm.0nbz0_c', 'm.02wss4p', 'm.04kcmnv', 'm.04kcmnq', 'm.04kcmp2', 'm.04kcmpg', 'm.04kcmpz', 'm.04kcmpv', 'm.04kcmpb', 'm.04kcmnb', 'm.04kcmp6', 'm.04kcmn6', 'm.04kcmq2', 'm.04kcmng', 'm.04kcmnl', 'm.04kcmpq', 'm.04kcmnz', 'm.02wss8h', 'm.02wss5t', 'm.02wss9v', 'm.02wss5g', 'm.02wssbc', 'm.02wt3n6', 'm.02wss6x', 'm.02wss7y', 'm.02wssdh', 'm.02wss93', 'm.02wss65', 'm.02wss52', 'm.02wsscw', 'm.02wssc2', 'm.02wss7k', 'm.04krgmm', 'm.04krgnr', 'm.04krgmc', 'm.04krgp7', 'm.04krgm3', 'm.04krgn3', 'm.04krgm_', 'm.04krgn_', 'm.04krgmh', 'm.04krgmw', 'm.04krgp3', 'm.04krgm7', 'm.04krgnm', 'm.04krglw', 'm.04krgn7', 'm.04krgnw', 'm.04krglr', 'm.04krgmr', 'm.04krgl_', 'm.04krgnh', 'm.04krgnc', 'm.04x_n4m', 'm.0w32dv5', 'm.07nwthp', 'm.0bfmzvx', 'm.0w34wfq', 'm.010hck3p', 'm.010hck1d', 'm.010hcj_r', 'm.010hck2q', 'm.010hck7m', 'm.010hckby', 'm.010hckg4', 'm.010hck6l', 'm.010hck0z', 'm.010hckb2', 'm.010hckjd', 'm.04x_n07', 'm.09jy10q', 'm.010wykmd', 'm.0nbvfmq', 'm.011f2fdj', 'm.0bqtlwd', 'm.04mm9v1', 'm.0bqtmbz', 'm.0bqtljm', 'm.05vb02g', 'm.0bqtkz7', 'm.0bqtl53', 'm.0bqtknc', 'm.010x0p2s', 'm.010wxb78', 'm.010wxt56', 'm.010wxxw8', 'm.010wy02t', 'm.010wy0wk', 'm.010tzv_4', 'm.010wx6nc', 'm.0bfnyx7', 'm.0bfnynb', 'm.0bfnyw1', 'm.0bfnywc', 'm.0bfnywz', 'm.0bfnyvr', 'm.0bfnyvg', 'm.0bfnywn', 'm.0bfnytq', 'm.0bfnytd', 'm.04d4qrz', 'm.0bfnyv4', 'm.09rqv57', 'm.0bfnyxk', 'm.04jtgn8', 'm.04jtgmn', 'm.04jtgnx', 'm.04jtgpn', 'm.04jtgp4', 'm.04jtgnn', 'm.04jtgp0', 'm.04jtgps', 'm.04jtgpx', 'm.04jtgnj', 'm.04jtgnd', 'm.04jtgmj', 'm.04jtgq0', 'm.04jtgn4', 'm.04jtgms', 'm.04jtgmd', 'm.04jtgns', 'm.04jtgpj', 'm.04jtgp8', 'm.04jtgn0', 'm.04jtgpd', 'm.04jtgmx', 'm.04x_n1k', 'm.04j8xvv', 'm.04j8xvg', 'm.04j8xw2', 'm.04j8xtz', 'm.04j8xvq', 'm.04j8xv6', 'm.04j8xv2', 'm.04j8xvb', 'm.04j8xw6', 'm.04j8xvz', 'm.0b7s1yv', 'm.0b7s35j', 'm.04j9dt6', 'm.04j9dsz', 'm.04j9dsq', 'm.04j9dsl', 'm.04j9dt2', 'm.04j9dsv', 'm.0cjvkj7', 'm.0j3z6qp', 'm.0bghg2q', 'm.07wyh_2', 'm.07wyj8g', 'm.07wyj9l', 'm.07wyj86', 'm.07wyj8q', 'm.07wyj1z', 'm.07wyh_6', 'm.07wyj0b', 'm.07wyj8b', 'm.07wyj5z', 'm.07wyh_g', 'm.07wyj7v', 'm.07wyj5v', 'm.07wyj0z', 'm.07wyj3v', 'm.07wyh_v', 'm.07wyj2z', 'm.07wyj5l', 'm.07wyj7z', 'm.07wyj12', 'm.07wyj3b', 'm.07wyj16', 'm.07wyj9g', 'm.07wyj02', 'm.07wyj6b', 'm.07wyj3q', 'm.07wyj7g', 'm.07wyj3g', 'm.07wyj26', 'm.07wyj5q', 'm.07wyj8v', 'm.07wyj0v', 'm.07wyj4z', 'm.07wyj32', 'm.07wyj5b', 'm.07wyj1l', 'm.07wyj0g', 'm.07wyj2g', 'm.07wyj92', 'm.07wyj2v', 'm.07wyj9b', 'm.07wyj3z', 'm.07wyj2b', 'm.07wyj8l', 'm.07wyj42', 'm.07wyj06', 'm.07wyj6g', 'm.07wyj72', 'm.07wyh_b', 'm.07wyj0q', 'm.07wyj1b', 'm.07wyj3l', 'm.07wyh_l', 'm.07wyj4l', 'm.07wyj36', 'm.07wyj46', 'm.07wyj22', 'm.07wyj6z', 'm.07wyj9q']",SA
"Which magazine did Edgar Allan Poe work for, with the earliest publication start date?","[{'kb_id': 'm.028b1d9', 'text': ""Burton's Gentleman's Magazine""}]",the tell-tale heart,m.0403zxt,"edgar allan poe worked for, with the earliest publication start date the tell-tale heart.",edgar allan poe,m.02lt8,Who worked for the earliest publication start date the tell - tale heart ?,"['m.039xbb', 'm.02h667t', 'm.06zts42', 'm.02xhgwq', 'm.0kyk', 'm.05z96', 'm.0cbd2', 'm.02hrh1q', 'm.02_286', 'm.094jv']",SA
What did Randy Jackson play in the award nominated When You Love a Woman?,"[{'kb_id': 'm.018vs', 'text': 'Bass guitar'}, {'kb_id': 'm.0290ngj', 'text': 'Vocals'}]",america's best dance crew,m.03nqbc4,randy jackson played america's best dance crew in the award nominated when you love a woman.,randy jackson,m.02yygk,Who played america ' s best dance crew in the award nominated when you love a woman ?,"['m.015cqh', 'm.02hnl']",SA
In what time zone does the film "Nashville" take place?,"[{'kb_id': 'm.02fqwt', 'text': 'Central Time Zone'}]",national society of film critics award for best supporting actor,m.02x73k6,the film " nashville " takes place in national society of film critics award for best supporting actor time zone.,nashville,m.0j_t1,What film takes place in the national society of film critics award for best supporting actor time zone ?,"['m.02hrh1q', 'm.0bh9g73', 'm.015qqg', 'm.0sxjs', 'm.050t99', 'm.01d_h8', 'm.0np9r', 'm.04x4nv', 'm.016dgz', 'm.02jknp', 'm.0m9p3', 'm.05pwq_', 'm.05m55b', 'm.048lv', 'm.04x4gw', 'm.02qgqt', 'm.015grj', 'm.09qycb', 'm.0c0d9s', 'm.0277j40', 'm.0422v0', 'm.02stbw', 'm.0bw6fj', 'm.0ch0qx', 'm.04vr_f', 'm.0ff4w', 'm.07j94', 'm.011yqc', 'm.0b2v79', 'm.055c8', 'm.0306c6', 'm.0170th', 'm.03c_cxn', 'm.04w2h3', 'm.0b44shh', 'm.01dc0c', 'm.011ycb', 'm.03dz4n', 'm.02mpyh', 'm.06cgy', 'm.043g6j', 'm.02sjf5', 'm.027g6m5', 'm.02tv80', 'm.016ggh', 'm.0blpg', 'm.01xsbh', 'm.0gmcylb', 'm.0gy6z9', 'm.03b1l8', 'm.01ycbq', 'm.07tlfx', 'm.0b4lkx', 'm.0g4vmj8', 'm.02mjf2', 'm.02p65p', 'm.017r13', 'm.031h9k', 'm.032_jg', 'm.0dvmd', 'm.05bnp0', 'm.01jw67', 'm.04x4p6', 'm.0hfzr', 'm.017149', 'm.04d2yp', 'm.015np0', 'm.039bp', 'm.016yvw', 'm.04x49m', 'm.0170qf', 'm.01wbg84', 'm.03n_7k', 'm.036r3f', 'm.04l19_', 'm.01tcf7', 'm.01515w', 'm.0ht9x', 'm.01wy5m', 'm.016zp5', 'm.02fn5', 'm.026w0m_', 'm.01hqhm', 'm.015c4g', 'm.03xkps', 'm.01pd46', 'm.013cr', 'm.01swck', 'm.01pcbg', 'm.01v90t', 'm.04yyhw', 'm.02fybl', 'm.06mr6', 'm.01nr36', 'm.0klh7', 'm.01yk13', 'm.029_l', 'm.047bynf', 'm.08p5l7', 'm.0ghs_5r', 'm.02j490', 'm.09kysc', 'm.0g5fwxf', 'm.04x3kb']",SA
What film that was released before 2005-10-25 was Kim Richards in?,"[{'kb_id': 'm.02rl4qq', 'text': 'The Car'}, {'kb_id': 'm.08dyxd', 'text': 'Escape to Witch Mountain'}, {'kb_id': 'm.07wbmd', 'text': 'Tuff Turf'}, {'kb_id': 'm.0dnh5w', 'text': 'No Deposit, No Return'}, {'kb_id': 'm.04f2h9q', 'text': 'Raid on Entebbe'}, {'kb_id': 'm.05r3nm', 'text': 'Return from Witch Mountain'}, {'kb_id': 'm.0d1_kl', 'text': 'Meatballs Part II'}]",black snake moan,m.0ff1st,black snake moan was released before 2005 - 10 - 25 was kim richards in.,kim richards,m.08l257,What was the name of the black snake released before 2005 - 10 - 25 ?,"['m.09zzb8', 'm.04fw17j', 'm.02qs65f', 'm.0k66p6', 'm.014gc6', 'm.076y8wd', 'm.02tx6q', 'm.05n3l7', 'm.046m59', 'm.06t6dz', 'm.080nwsb', 'm.098j4cg', 'm.0bbd0by', 'm.0f5xn', 'm.0ch6mp2', 'm.03yvvxc', 'm.04f61fy', 'm.0155w', 'm.097x5pw', 'm.027h_2z', 'm.06fdlw', 'm.03fxn3j', 'm.0t5xfkj', 'm.01wlt3k', 'm.01fx2g', 'm.05mw1zt', 'm.08z4g9', 'm.0bh5pxk', 'm.0bh5pyl', 'm.05chs2', 'm.0bh5pzg', 'm.0280jp4', 'm.0bw26s', 'm.027_64j', 'm.0bh5q0j', 'm.074b7', 'm.02z84b3', 'm.036ny9', 'm.0vn01xq', 'm.0vm_n_c', 'm.0bgkh8j', 'm.04zxktp', 'm.0wg5y6f', 'm.0280j9g', 'm.08r52w', 'm.04zvmgs', 'm.0fvbd5', 'm.0bh5q06', 'm.0bh5pxb', 'm.05w7rl', 'm.04lgvk3', 'm.0bh5pxw', 'm.0vm_phf', 'm.0bh5p_z', 'm.0cw3yd', 'm.0bh5py5', 'm.0bh5pzq', 'm.0bh5p_0', 'm.0vn0g98', 'm.027g6y5', 'm.0vn05c3', 'm.0bh5p_d', 'm.0vn03kg', 'm.0bh5pyz', 'm.0vn03rc', 'm.0vn043r', 'm.0vn0d16']",FP
What is the sacred text of the Tao Te Ching religion?,"[{'kb_id': ':m.05blr4', 'text': 'Daozang'}]",cai shen,m.0j626gb,cai shen is the sacred text of the tao te ching religion.,tao te ching,m.02czn,What religion is the cai shen sacred ?,"['m.01g7ln', 'm.01tbmq', 'm.09n_d1', 'm.01g7kl', 'm.01g7jh', 'm.01g7m0', 'm.01gcqh', 'm.01gcpr', 'm.01gcpc', 'm.025964', 'm.02rj87h', 'm.0258q8', 'm.01g7rf']",SA
What sacred Daoist text had an influence on Jorge Luis Borges?,"[{'kb_id': 'm.0164zy', 'text': 'Zhuang Zhou'}]",heraclitus,m.03l6h,heraclitus had an influence on jorge luis borges.,jorge luis borges,m.040db,What did heraclitus have an influence on ?,"['m.0mm8', 'm.0g4scz1', 'm.05sr0', 'm.02p8r', 'm.037mh8', 'm.04s2z', 'm.02h6fbs', 'm.0by4xph']",SA
The Governor of Illinois operates in a state that follows what time zone?,"[{'kb_id': 'm.02fqwt', 'text': 'Central Time Zone'}]",executive offices,m.03qbt12,the governor of illinois operates in a state that follows executive offices.,governor of illinois,m.01lk2c,Who operates in a state that follows executive offices ?,"['m.03s0w', 'm.01_d4', 'm.06yxd', 'm.0pf6v', 'm.09gp3jt', 'm.02xry', 'm.0f2v0', 'm.059f4', 'm.0f2rq', 'm.03gh4', 'm.0d0x8']",SA
What is the currency of the place whose religious organization leadership is the Society of Jesus?,"[{'kb_id': 'm.024nzm', 'text': 'Argentine peso'}]",ivan franko,m.037ymc,ivan franko is the currency of the place whose religious organization leadership is the society of jesus.,society of jesus,m.04399,ivan franko is the currency of the place whose religious organization leadership is what ?,"['m.07t21', 'm.06bnz', 'm.0d060g']",SA
"What movies released after November 27, 2002 did Adam Sandler play in?","[{'kb_id': ':m.0hg5', 'text': 'Andorra'}]",grown ups,m.0640m69,"grown ups released after november 27, 2002 did adam sandler play in.",adam sandler,m.0pz91,"Who played in the grown ups released after november 27 , 2002 ?","['m.06rq2l', 'm.0839pf_']",SA
The Governor of Illinois operates in a state that follows what time zone?,"[{'kb_id': 'm.02fqwt', 'text': 'Central Time Zone'}]",henry horner,m.067wc_,the governor of illinois operates in a state that follows henry horner.,governor of illinois,m.01lk2c,Who operates in a state that follows henry horner ?,"['m.01_6v6w', 'm.03c8v0', 'm.03v0t', 'm.07wrz', 'm.03sq7b', 'm.01l1jx']",SA
The location that appointed Benjamin Netanyahu to governmental position has what type of government?,"[{'kb_id': 'm.018wl5', 'text': 'Parliamentary system'}]",finance minister of israel,m.02_mk2,the location that appointed benjamin netanyahu to governmental position has finance minister of israel.,benjamin netanyahu,m.0fm2h,Who was appointed to the position of finance minister of israel ?,['m.018ykd'],SA
What magazine with earliest publication end date did Edgar Allan Poe work for?,"[{'kb_id': 'm.028b1d9', 'text': ""Burton's Gentleman's Magazine""}]",the raven,m.09lvsz,edgar allan poe worked for the raven with earliest publication end date.,edgar allan poe,m.02lt8,Who worked for the raven with earliest publication end date ?,"['m.01l3j', 'm.02qdfvc', 'm.0cbd2', 'm.05z96']",SA
What magazine with earliest publication end date did Edgar Allan Poe work for?,"[{'kb_id': 'm.028b1d9', 'text': ""Burton's Gentleman's Magazine""}]",the journal of julius rodman,m.05n7r_f,edgar allan poe worked for the journal of julius rodman with earliest publication end date.,edgar allan poe,m.02lt8,Who worked for the journal of julius rodman with earliest publication end date ?,"['m.06zts42', 'm.0cbd2', 'm.02xhgwq', 'm.02h667t', 'm.05z96', 'm.0kyk']",SA
What movie about ancient Greek culture features Logan Lerman?,"[{'kb_id': 'm.0642xf3', 'text': 'Percy Jackson & the Olympians: The Lightning Thief'}]",the patriot,m.0gltv,the patriot features logan lerman.,logan lerman,m.04f1s6,What does the patriot feature ?,"['m.02822', 'm.02kdv5l', 'm.01d_h8', 'm.047vnkj', 'm.02hrh1q', 'm.03gjzk', 'm.04fzfj', 'm.0dxtg', 'm.02jknp', 'm.0b76d_m', 'm.0ds2n', 'm.024l2y']",SA
In what year did the Dodgers win the World Series while the Minnesota Twins were the runners up?,"[{'kb_id': 'm.04tfkz', 'text': '1965 World Series'}]",1963 world series,m.04tfp1,the dodgers won the world series while the minnesota twins were the runners up in 1963 world series year.,minnesota twins,m.0512p,Who were the runners up in the 1963 world series ?,['m.0pzt4'],FP
What years' World Series were won by the sports team whose owner is Frank McCourt?,"[{'kb_id': 'm.04j7dq', 'text': '1981 World Series'}, {'kb_id': 'm.04j7ml', 'text': '1988 World Series'}, {'kb_id': 'm.04tfkz', 'text': '1965 World Series'}, {'kb_id': 'm.04tfp1', 'text': '1963 World Series'}, {'kb_id': 'm.04tfrv', 'text': '1959 World Series'}]",1981 world series,m.04j7dq,won by the sports team whose owner is frank mccourt were in 1981 world series.,frank mccourt,m.05w2rj,Who is the owner of the sports team that won the 1981 world series ?,['m.095nx'],NA
Which films did Adam Sandler appear in that have a Netflix ID number lower than 70087541?,"[{'kb_id': 'm.0f2sx4', 'text': 'Dickie Roberts: Former Child Star'}, {'kb_id': 'm.074w86', 'text': 'Deuce Bigalow: European Gigolo'}, {'kb_id': 'm.087pfc', 'text': 'Bedtime Stories'}, {'kb_id': 'm.02qdrjx', 'text': 'The Benchwarmers'}, {'kb_id': 'm.07zsmk', 'text': 'Eight Crazy Nights'}, {'kb_id': 'm.02m7tn', 'text': 'Click'}, {'kb_id': 'm.07x6zk', 'text': 'I Now Pronounce You Chuck and Larry'}]",reign over me,m.02hwd1n,adam sandler appeared in that have a netflix id number lower than 70087541 reign over me.,adam sandler,m.0pz91,Who appeared in that have a netflix id number lower than 70087541 reign over me ?,"['m.09w3b', 'm.07b64hl', 'm.03gh3x4', 'm.07kb7vh', 'm.07zsmk', 'm.087pfc', 'm.0f2sx4', 'm.03why2r', 'm.010rdrd1', 'm.0408m53', 'm.0640m69', 'm.03__xl', 'm.05wk2m', 'm.0727__', 'm.0gszl', 'm.07yqbg', 'm.0dr_4', 'm.095z4q', 'm.0bv8h2', 'm.02rjv2w', 'm.02ph9tm', 'm.02d413', 'm.0ch73nl', 'm.06dfjg', 'm.07x6zk', 'm.0bshwmp', 'm.086n77', 'm.0kv367', 'm.0bdqh3w', 'm.0b6w50', 'm.0gwgn1k', 'm.0grx21', 'm.01rc_m', 'm.09rdd6', 'm.01d_h8', 'm.0p9rz', 'm.0sxfd', 'm.03ttr9', 'm.0gh9fjz', 'm.06hhqq', 'm.01rh0w', 'm.02tgz4', 'm.02ql1gl', 'm.03gjzk', 'm.02m7tn', 'm.01jw67', 'm.0wp725j', 'm.0v1h', 'm.02f6g5', 'm.02hrh1q', 'm.06yykb', 'm.089c83', 'm.02ynfr', 'm.0ck8nhp', 'm.074w86', 'm.0bl6c6', 'm.08004m', 'm.07qn0', 'm.0kvdj7', 'm.020b21', 'm.0ch3qr1', 'm.0np9r', 'm.0gh748', 'm.0785tk', 'm.04ybtdp', 'm.0277lgm', 'm.09r94m', 'm.0b6f8pf', 'm.0c0l240', 'm.07v4dm']",SA
"What movies has Miley Cyrus been in released before May 1, 2014?","[{'kb_id': ':m.0gl5_', 'text': 'Boston University'}]",miley cyrus: tongue tied,m.010ls0tb,"miley cyrus: tongue tied has miley cyrus been in released before may 1, 2014.",miley cyrus,m.0bdxs5,"What is tongue tied has been released before may 1 , 2014 ?","['m.01607l', 'm.063ffhs', 'm.04rlf']",FP
What is the sacred text of the Tao Te Ching religion?,"[{'kb_id': ':m.05blr4', 'text': 'Daozang'}]",l¨¹ dongbin,m.01g7rf,l¨¹ dongbin is the sacred text of the tao te ching religion.,tao te ching,m.02czn,What religion is the l¨¹ dongbin sacred ?,"['m.01g7ln', 'm.01tbmq', 'm.09n_d1', 'm.01g7kl', 'm.0j626gb', 'm.01g7jh', 'm.01g7m0', 'm.01gcqh', 'm.01gcpr', 'm.01gcpc', 'm.025964', 'm.02rj87h', 'm.0258q8']",FP
What movie did Ron Howard direct with the largest Netflix ID?,"[{'kb_id': 'm.0gxdf11', 'text': 'Under the Boardwalk: The Monopoly Story'}]",the courtship of eddie's father,m.02rylzd,ron howard directed the courtship of eddie's father with the largest netflix id.,ron howard,m.0g2lq,Who directed the courtship of eddie ' s father with the largest netflix id ?,"['m.01tl50z', 'm.03gyhsd']",SA
For what is the area where the newspaper Creative Loafing circulates famous?,"[{'kb_id': 'm.0jhn7', 'text': '1996 Summer Olympics'}]",atlanta ballet,m.0fpmfg,for atlanta ballet is the area where the newspaper creative loafing circulates famous.,creative loafing,m.027f3fm,What is the area where the newspaper that is famous circulates famous ?,"['m.09c7w0', 'm.06bxs4', 'm.0130ft', 'm.0j28sdt', 'm.030pkm', 'm.0fhg7p', 'm.0nzny', 'm.0d0x8', 'm.050my1', 'm.03spbl', 'm.033h7k', 'm.03l1zc', 'm.020fp1', 'm.03xrf5', 'm.050mtz', 'm.050m_5', 'm.038gvs', 'm.050n0y', 'm.03q1hw', 'm.04_mbv', 'm.029fnx', 'm.05c25f2', 'm.02jnft', 'm.03sm22', 'm.04qrhq', 'm.027t71h', 'm.04jny9', 'm.04htb5', 'm.0gln9p', 'm.0b5g4p', 'm.0c3cp2', 'm.03wm34', 'm.04d135', 'm.027r6hr']",FP
"In Oceania, what country has the smallest GDP deflator change of rate?","[{'kb_id': 'm.05c17', 'text': 'New Caledonia'}]",howland island,m.03h93,"in oceania, howland island has the smallest gdp deflator change of rate.",oceania,m.05nrg,Where does howland island have the smallest gdp deflator change of rate ?,"['m.047t_', 'm.0161w', 'm.047tj', 'm.03_x1']",SA
What sacred Daoist text had an influence on Jorge Luis Borges?,"[{'kb_id': 'm.0164zy', 'text': 'Zhuang Zhou'}]",franz kafka,m.03f0324,franz kafka had an influence on jorge luis borges.,jorge luis borges,m.040db,franz kafka had an influence on what ?,"['m.0j3v', 'm.042q3', 'm.032l1', 'm.02wh0', 'm.02lt8', 'm.07dnx', 'm.01ckkq', 'm.01v9724', 'm.06qvh']",SA
What magazine with earliest publication end date did Edgar Allan Poe work for?,"[{'kb_id': 'm.028b1d9', 'text': ""Burton's Gentleman's Magazine""}]",the crime of dr. crespi,m.0h52106,edgar allan poe worked for the crime of dr. crespi with earliest publication end date.,edgar allan poe,m.02lt8,Who worked for the crime of dr . crespi with earliest publication end date ?,"['m.0cg9l51', 'm.014bhr', 'm.0bhgqnp', 'm.030zf9', 'm.0jwgrj', 'm.02_286']",SA
What contributor to the story of the movie "The House of Mirth" inspired F. Scott Fitzgerald?,"[{'kb_id': 'm.0154x6', 'text': 'Edith Wharton'}]",edith wharton,m.0154x6,edith wharton inspired f. scott fitzgerald.,f. scott fitzgerald,m.02zjd,What did edith wharton inspire ?,['m.0l99s'],NA
What university with 3565 postgraduates did Eleanor Roosevelt attend?,"[{'kb_id': 'm.06thjt', 'text': 'The New School'}]",the new school,m.06thjt,eleanor roosevelt attended the new school with 3565 postgraduates.,eleanor roosevelt,m.02n9k,Who attended the new school with 3565 postgraduates ?,"['m.09c7w0', 'm.03hz6vv', 'm.0cbd2', 'm.0kyk', 'm.0dxtg', 'm.02hrh1q', 'm.04__f', 'm.0n1h', 'm.037qmq', 'm.05pcjw', 'm.0dclg', 'm.04y5g', 'm.05wkw', 'm.05r79', 'm.056mm6', 'm.02hv44_', 'm.0ppgm1j', 'm.0gd9k', 'm.0c_8s', 'm.017_pb', 'm.0hgqq', 'm.04mky3', 'm.02xhgwq', 'm.0c4y8', 'm.01_xtx', 'm.02zd460']",NA
What show that has less than 6 seasons is Tamera Mowry on?,"[{'kb_id': 'm.05h2jn_', 'text': 'Roommates'}, {'kb_id': 'm.02rr9jc', 'text': 'Detention'}, {'kb_id': 'm.08lsjw', 'text': 'The Adventures of Hyperman'}]",detention,m.02rr9jc,detention show that has less than 6 seasons is tamera mowry on.,tamera mowry,m.075kfb,What is the name of the show that has less than 6 seasons ?,"['m.02hblj', 'm.01rrwf6']",NA
What baseball movie did Adam Sandler play in?,"[{'kb_id': 'm.07zsmk', 'text': 'The Benchwarmers'}]",just go with it,m.0bshwmp,adam sandler played in just go with it.,adam sandler,m.0pz91,What played in just go with it ?,['m.05p553'],SA
What movie did Ron Howard direct with the largest Netflix ID?,"[{'kb_id': 'm.0gxdf11', 'text': 'Under the Boardwalk: The Monopoly Story'}]",angels & demons,m.0f4_2k,ron howard directed angels & demons with the largest netflix id.,ron howard,m.0g2lq,Who directed angels & demons with the largest netflix id ?,"['m.03rjj', 'm.04p73qf', 'm.06mzp', 'm.0d060g', 'm.0154j', 'm.0345h']",SA
What movies in the same genre as Abracadabra was Adam Sandler in?,"[{'kb_id': 'm.010rdrd1', 'text': 'Pixels'}, {'kb_id': 'm.02m7tn', 'text': 'Eight Crazy Nights'}]",the hot chick,m.01h3y_,the hot chick was adam sandler in.,adam sandler,m.0pz91,What was the hot chick called in ?,"['m.02hrh1q', 'm.03gjzk', 'm.01d_h8', 'm.0dxtg']",FP
"What movies, released before April 17, 2015, did Adam Sandler play in?","[{'kb_id': 'm.0mzt5cs', 'text': 'Jack and Jill'}, {'kb_id': 'm.087pfc', 'text': ""That's My Boy""}, {'kb_id': 'm.0gwgn1k', 'text': 'Dickie Roberts: Former Child Star'}, {'kb_id': 'm.07kb7vh', 'text': 'Deuce Bigalow: European Gigolo'}, {'kb_id': 'm.074w86', 'text': 'Paul Blart: Mall Cop'}, {'kb_id': 'm.0ch3qr1', 'text': 'Blended'}, {'kb_id': 'm.0f2sx4', 'text': 'Bedtime Stories'}, {'kb_id': 'm.0b6f8pf', 'text': 'Zookeeper'}, {'kb_id': 'm.0408m53', 'text': 'Bucky Larson: Born to Be a Star'}, {'kb_id': 'm.03why2r', 'text': 'Click'}, {'kb_id': 'm.0v_ckgv', 'text': 'Grown Ups'}, {'kb_id': 'm.02qdrjx', 'text': 'The Benchwarmers'}, {'kb_id': 'm.02ph9tm', 'text': 'Grown Ups 2'}, {'kb_id': 'm.02m7tn', 'text': 'Just Go With It'}, {'kb_id': 'm.0bshwmp', 'text': 'Eight Crazy Nights'}, {'kb_id': 'm.07zsmk', 'text': 'The House Bunny'}, {'kb_id': 'm.0640m69', 'text': ""You Don't Mess with the Zohan""}, {'kb_id': 'm.07x6zk', 'text': 'I Now Pronounce You Chuck and Larry'}]",the animal,m.06j0d5,"the animal released before april 17, 2015, did adam sandler play in.",adam sandler,m.0pz91,"What animal did the animal released before april 17 , 2015 play in ?","['m.05p553', 'm.03btsm8']",FP
Which child of Walt Disney died from lung cancer?,"[{'kb_id': 'm.07kyh5', 'text': 'Sharon Mae Disney'}]",the whalers,m.0h_ddh_,the whalers child of walt disney died from lung cancer.,lung cancer,m.04p3w,What disease did the whalers child of walt disney die from ?,"['m.02h40lc', 'm.064ndq']",SA
In what time zone does the film "Nashville" take place?,"[{'kb_id': 'm.02fqwt', 'text': 'Central Time Zone'}]",elliott gould,m.02xwgr,the film " nashville " takes place in elliott gould time zone.,nashville,m.0j_t1,What film takes place in elliott gould time zone ?,"['m.03kx49', 'm.09qpxm', 'm.09kqbg', 'm.0dngwj', 'm.0170z3', 'm.02vptkn', 'm.0f1vf7', 'm.0175fh', 'm.0by4jvm', 'm.0bh3465', 'm.03cl0n9']",SA
For what magazine did Edgar Allan Poe have the latest editorial tenure?,"[{'kb_id': 'm.0282h9k', 'text': ""Graham's Magazine""}]",the avenging conscience,m.04ydvw_,edgar allan poe had the latest editorial tenure for the avenging conscience magazine.,edgar allan poe,m.02lt8,Who had the latest editorial tenure for the avenging conscience magazine ?,"['m.02hrh1q', 'm.02jknp', 'm.0dxtg', 'm.01d_h8']",SA
What films have featured the composer of Holy Ground?,"[{'kb_id': 'm.02x3lt7', 'text': 'Hannah Montana: The Movie'}, {'kb_id': 'm.06_wqk4', 'text': ""Valentine's Day""}, {'kb_id': 'm.087wc7n', 'text': 'The Lorax'}, {'kb_id': 'm.0djb8hx', 'text': 'Jonas Brothers: The Concert Experience'}, {'kb_id': 'm.0dx5q8', 'text': 'The Giver'}]",rhapsody originals,m.0w1gb4n,rhapsody originals have featured the composer of holy ground.,holy ground,m.0p3rh07,rhapsody originals have featured the composer of what ?,"['m.02hrh1q', 'm.016z4k', 'm.039v1', 'm.02lnbg', 'm.02ny8t', 'm.05bt6j', 'm.0h64xty', 'm.04fzl64', 'm.03g7rsz', 'm.016clz', 'm.09c7w0', 'm.06924p', 'm.064t9', 'm.03cl661', 'm.0cmdv8y', 'm.0h32z_v', 'm.0zt7wlh', 'm.0v90ywq', 'm.011lmk0n', 'm.0l8mh7y', 'm.01lyv', 'g.12hhhh17b', 'm.0mhfr', 'm.0zlsm', 'm.0qs2v1z', 'm.0w1gbxc', 'm.0v90ysy', 'm.0kt11l5', 'm.0dyfhdr', 'm.04glrxj', 'm.012_y_jq', 'm.012wtwn0', 'm.013022f7', 'm.013780bj', 'm.0ychqg1', 'm.012mpq38', 'm.01384jbf', 'm.012yb9pt', 'm.0np8z3z', 'm.0v90yvp', 'm.0xnljbl', 'm.0q8fd99', 'm.0ymh9t3', 'm.0qhcyx7', 'm.0v90pw0', 'g.11btzxkr6h', 'g.11b6hzvg95', 'g.11b7_l6mtp', 'm.07hwkr']",SA
The Governor of Illinois operates in a state that follows what time zone?,"[{'kb_id': 'm.02fqwt', 'text': 'Central Time Zone'}]",governor of florida,m.01h_0k,the governor of illinois operates in a state that follows governor of florida.,governor of illinois,m.01lk2c,Who operates in a state that follows the governor of florida ?,"['m.03fpsw', 'm.04bk4q', 'm.03nfbt', 'm.0btx2g', 'm.027165', 'm.03sr5n', 'm.04bl66', 'm.04bpwm', 'm.04bq73', 'm.019x9z', 'm.0rlz', 'm.03t01x', 'm.03bbh4', 'm.04bm3r', 'm.03kbtb', 'm.03k3vs', 'm.04bqhj', 'm.037qsg', 'm.03d_gm', 'm.04bp_x', 'm.04bqn_', 'm.03g1k5', 'm.03cb9n', 'm.04bldn', 'm.03k3_6', 'm.04blj_', 'm.04bnph', 'm.04jyvv', 'm.03xgs3', 'm.04blpy', 'm.01b2yl', 'm.028szt', 'm.03bf2d', 'm.04bqcm', 'm.028k98']",SA
What movie did Ron Howard direct with the largest Netflix ID?,"[{'kb_id': 'm.0gxdf11', 'text': 'Under the Boardwalk: The Monopoly Story'}]",the missing,m.04ynx7,ron howard directed the missing with the largest netflix id.,ron howard,m.0g2lq,Who directed the missing with the largest netflix id ?,"['m.06hy43', 'm.0h2xyn', 'm.08_xnw', 'm.08fckt', 'm.07h1t0', 'm.09vw469', 'm.036r3f', 'm.0z7wfrc', 'm.09q92l', 'm.0cc5mcj', 'm.03_vx9', 'm.04cq1k', 'm.0154qm', 'm.0cwrv5', 'm.0nfnhrv', 'g.121j21hm', 'm.0q2lx1c', 'm.04fmnb4', 'm.0hx4y', 'm.0h95ky3', 'm.01jmyj', 'm.04j2xkl', 'm.05p8dwc', 'm.0crsdzl', 'm.025hhq']",SA
What was the latest film that Adam Sandler was in?,"[{'kb_id': 'm.010fch95', 'text': 'Paul Blart: Mall Cop 2'}]",happy gilmore,m.023vcd,happy gilmore was the latest film that adam sandler was in.,adam sandler,m.0pz91,Who was in the film that was released in the year of the gilmore ?,"['m.01d_h8', 'm.03gjzk', 'm.086mp8', 'm.02hrh1q', 'm.018gz8', 'm.047419', 'm.0dxtg', 'm.0gxk2hd']",SA
Which Tokyo International Film Festival movie debut stared Logan Lerman?,"[{'kb_id': 'm.0crc2cp', 'text': 'The Three Musketeers'}]",the number 23,m.0c4mcp,the number 23 tokyo international film festival movie debut stared logan lerman.,logan lerman,m.04f1s6,What is the name of the number 23 tokyo international film festival movie debut ?,"['m.04k_p0', 'm.07947b', 'm.0fphf3v', 'm.03crlnc', 'm.04f8ttb', 'm.03xcx9', 'm.02m7m1', 'm.0lx2l', 'm.013q07', 'm.063drh', 'm.09p4w8', 'm.0kv5nj', 'm.05rfst', 'm.03bwnf', 'm.0f3fx6', 'm.02bg55', 'm.03d79mp', 'm.048qkz', 'm.0cpy8_']",FP
Which cartoon pornography films have starred Miley Cyrus?,"[{'kb_id': 'm.06fcqw', 'text': 'Bolt'}, {'kb_id': 'm.080gfc8', 'text': 'Super Rhino'}]",sex and the city 2,m.05h43ls,sex and the city 2 have starred miley cyrus.,miley cyrus,m.0bdxs5,sex and the city 2 have starred what ?,"['m.0m66w', 'm.03bzyn4', 'm.01pcdn']",SA
In which fantasy movies has Adam Sandler appeared?,"[{'kb_id': 'm.02qdrjx', 'text': 'Bedtime Stories'}, {'kb_id': 'm.087pfc', 'text': 'Click'}]",anger management,m.02d003,adam sandler appeared in anger management.,adam sandler,m.0pz91,Who appeared in anger management ?,['m.0gxk078'],SA
In which thriller movies does Taylor Lautner appear?,"[{'kb_id': 'm.0cmdl80', 'text': 'Abduction'}]",eclipse,m.075wx7_,taylor lautner appears in eclipse.,taylor lautner,m.07ldhs,What appears in eclipse ?,"['m.07l4d8h', 'm.07g45h2', 'm.05m1x45', 'm.05srmdz', 'm.05lwxnh', 'm.05lww8b', 'm.05m1x3m', 'm.0774b8j', 'm.05m1x4l', 'm.07n6s7p', 'm.05srj4j', 'm.05lwx7h', 'm.05m1x3f', 'm.05lwpjy', 'm.0289n2z', 'm.027b7y9', 'm.07l32xg', 'm.03npn', 'm.02qd_td', 'm.02z6w75', 'm.02x5w_g', 'm.02x13zt', 'm.02z0n0y', 'm.01hmnh', 'm.05lwy7f', 'm.05lwx_d', 'm.075wx89', 'm.05m1x3t', 'm.05m1x4c', 'm.05m1x31', 'm.03c3zfk', 'm.01d_h8', 'm.09gjmvw', 'm.0ytcxjh', 'm.04dn15w', 'm.04dwybb']",SA
What movie written by Ethan Coen was directed by Angelina Jolie?,"[{'kb_id': ':m.0wjk75w', 'text': 'Unbroken'}]",the ladykillers,m.0dnvn3,the ladykillers written by ethan coen was directed by angelina jolie.,angelina jolie,m.0f4vbz,Who directed the ladykillers written by ethan coen ?,"['m.0fvf9q', 'm.02wkmx', 'm.017f70', 'm.0kvd87', 'm.02xj3qg', 'm.0b0wxz', 'm.09ly8bv', 'm.02x3lgy', 'm.03gjzk', 'm.02jknp', 'm.0dxtg', 'm.02hrh1q', 'm.09dyj_r', 'm.01d_h8', 'm.02tx6q', 'm.0gkmctg', 'm.0hzq9vf', 'm.0k4gkl', 'm.027b9ly', 'm.027cy6c', 'm.09clwr', 'm.0276syb', 'm.09m50tz', 'm.05mw977', 'm.02x4sn8', 'm.02rdyk7', 'm.099hv2', 'm.09tf2x1', 'm.05hj__k', 'm.09d28z', 'm.04dn09n', 'm.0bf2918', 'm.0f_nbyh', 'm.02hspx7', 'm.04qvl7', 'm.03hkv_r', 'm.0qs36hj', 'm.01y9r2', 'm.0gr51', 'm.02q7393', 'm.0219x_', 'm.02z0skb', 'm.0gr4k', 'm.02pqp12', 'm.0qs36hd', 'm.0ch6mp2', 'm.02x173w', 'm.0f4b3s', 'm.044rvb', 'm.04rlf', 'm.0g4rwc8', 'm.0dk8gd', 'm.02vxq9m', 'm.0gs9p', 'm.0k4gkw', 'm.09rwpz', 'm.0309lm', 'm.0wjk75w', 'm.055l06', 'm.04t36', 'm.058y3ly', 'm.0d060g', 'm.02lk60', 'm.04hz17f', 'm.02q87z6', 'm.0ff4w', 'm.05zl0', 'm.08wr3kk', 'm.03h0rby', 'm.092sxpl']",SA
Which films did Adam Sandler appear in that have a Netflix ID number lower than 70087541?,"[{'kb_id': 'm.0f2sx4', 'text': 'Dickie Roberts: Former Child Star'}, {'kb_id': 'm.074w86', 'text': 'Deuce Bigalow: European Gigolo'}, {'kb_id': 'm.087pfc', 'text': 'Bedtime Stories'}, {'kb_id': 'm.02qdrjx', 'text': 'The Benchwarmers'}, {'kb_id': 'm.07zsmk', 'text': 'Eight Crazy Nights'}, {'kb_id': 'm.02m7tn', 'text': 'Click'}, {'kb_id': 'm.07x6zk', 'text': 'I Now Pronounce You Chuck and Larry'}]",mixed nuts,m.0d0stl,adam sandler appeared in that have a netflix id number lower than 70087541 mixed nuts.,adam sandler,m.0pz91,What appeared in that have a netflix id number lower than 70087541 mixed nuts ?,"['m.08v6ll', 'm.014zwb', 'm.0dxtg', 'm.01d_h8', 'm.01gzln', 'm.02hrh1q', 'm.082zg', 'm.067tcz', 'm.0fphgb', 'm.03gjzk', 'm.05p553', 'm.05fm6m']",SA
Which actor who played Candlewick dated Scarlett Johansson?,"[{'kb_id': 'm.028r4y', 'text': 'Topher Grace'}]",topher grace,m.028r4y,topher grace actor who played candlewick dated scarlett johansson.,scarlett johansson,m.02114t,Who did the topher grace actor who played candlewick dated ?,"['m.05gsxq', 'm.0gc2ldv', 'm.0998jr']",FP
Where does the body of water under Kineshma Bridge originate?,"[{'kb_id': 'm.05ktg3', 'text': 'Valdai Hills'}]",caspian sea,m.01mlk,the body of water under kineshma bridge originates in caspian sea.,kineshma bridge,m.0fp_w3v,The body of water under what bridge originates in caspian sea ?,"['m.02qkt', 'm.0j0k', 'm.02j9z']",SA
Which of Scarlett Johansson's romantic partners was influenced by Michael Jackson?,"[{'kb_id': 'm.0j1yf', 'text': 'Justin Timberlake'}]",text and meaning in michael jackson¡¯s xscape part 4,m.010_vj8y,text and meaning in michael jackson¡¯s xscape part 4's romantic partners was influenced by michael jackson.,michael jackson,m.09889g,text and meaning in michael jackson ' s xscape part 4 ' s romantic partners was influenced by what ?,"['m.0gg89tf', 'm.01q9b9', 'm.0bv6k', 'm.017_pb', 'm.0bv7t', 'm.02786wr', 'm.08n19k', 'm.03ll3']",FP
Who held Secretary of State after the Battle of Vicksburg?,"[{'kb_id': 'm.07t2k', 'text': 'Ulysses S. Grant'}]",william jennings bryan,m.0b3tf,william jennings bryan held secretary of state after the battle of vicksburg.,secretary of state,m.0789n,What position did william jennings bryan hold after the battle of vicksburg ?,['m.07t2k'],SA
Which child of Walt Disney died from lung cancer?,"[{'kb_id': 'm.07kyh5', 'text': 'Sharon Mae Disney'}]",treasure island,m.0fw837,treasure island child of walt disney died from lung cancer.,lung cancer,m.04p3w,What disease did the island child of walt disney die from ?,"['m.02h40lc', 'm.02pqszl', 'm.01971v', 'm.02pqt86', 'm.0crgq7c', 'm.04ydjd0']",SA
For what magazine did Edgar Allan Poe hold editorial tenure before February 1841?,"[{'kb_id': 'm.028b1d9', 'text': ""Burton's Gentleman's Magazine""}]",the murders in the rue morgue,m.04j1dth,edgar allan poe held editorial tenure before february 1841 for the murders in the rue morgue magazine.,edgar allan poe,m.02lt8,Who held editorial tenure before 1841 for the murders in the rue morgue magazine ?,['m.03q2zh'],SA
"Of the Caribbean nations, which country has Papiamento as an official language?","[{'kb_id': 'm.05byy', 'text': 'Netherlands Antilles'}]",anguilla,m.0n3g,"of the caribbean nations, anguilla has papiamento as an official language.",caribbean,m.0261m,What type of nations has papiamento as an official language ?,"['m.0hbgh', 'm.05r7t', 'm.09c7w0', 'm.07ssc', 'm.05byy', 'm.049nq', 'm.0162v', 'm.06s0l', 'm.0rdr4', 'm.0d060g']",FP
What popular Sports Team in Spain was founded in 1930?,"[{'kb_id': ':m.05h2jn_', 'text': 'Roommates'}]",spain national handball team,m.0fbjwn,spain national handball team in spain was founded in 1930.,spain,m.06mkj,Where was the national handball team founded ?,"['m.01f62', 'm.0mcxl', 'm.0vgw2', 'm.01s2b7', 'm.0kw4y', 'm.0hyq_', 'm.016d7r', 'm.03g39r']",SA
The fictional character Amanda Rollins was born in what country in eastern Europe?,"[{'kb_id': 'm.0d0kn', 'text': 'Georgia'}]",georgia,m.0d0kn,the fictional character amanda rollins was born in georgia country in eastern europe.,amanda rollins,m.0125y80d,What fictional character was born in georgia country in eastern europe ?,"['m.0212q2', 'm.0bm4j', 'm.06b_j', 'm.02ztjwg', 'm.014267', 'm.053fl8', 'm.06cx9', 'm.01fpfn', 'm.0jhd', 'm.011jw']",NA
What movies with netflix_id higher than 70097541 did Adam Sandler play in?,"[{'kb_id': 'm.07kb7vh', 'text': 'Jack and Jill'}, {'kb_id': 'm.0ch3qr1', 'text': 'Paul Blart: Mall Cop'}, {'kb_id': 'm.0b6f8pf', 'text': 'Bedtime Stories'}, {'kb_id': 'm.0408m53', 'text': 'Zookeeper'}, {'kb_id': 'm.03why2r', 'text': 'Bucky Larson: Born to Be a Star'}, {'kb_id': 'm.02qdrjx', 'text': 'Grown Ups'}, {'kb_id': 'm.0640m69', 'text': 'Just Go With It'}, {'kb_id': 'm.0bshwmp', 'text': 'The House Bunny'}]",mixed nuts,m.0d0stl,adam sandler played in mixed nuts with netflix_id higher than 70097541.,adam sandler,m.0pz91,What played in mixed nuts with netflix _ id higher than 70097541 ?,"['m.02g0mx', 'm.0gxk373', 'm.067tcz', 'm.082zg', 'm.02ch1w', 'm.0yzbg', 'm.08v6ll', 'm.02qx69', 'm.018f9n', 'm.0gwjw0c', 'm.0bwp_w', 'm.05p553', 'm.014zwb', 'm.01gzln', 'm.01pd46', 'm.0301bq', 'm.02tgjn', 'm.03lq60', 'm.0k4f3', 'm.06wbm8', 'm.0fphgb', 'm.0jyjs', 'm.04t9c0', 'm.0f2sx4', 'm.080dwhx', 'm.02r9kwn', 'm.03thx9']",SA
"What movies released after November 27, 2002 did Adam Sandler play in?","[{'kb_id': ':m.0hg5', 'text': 'Andorra'}]",dirty work,m.02q3pj,"dirty work released after november 27, 2002 did adam sandler play in.",adam sandler,m.0pz91,"Who played in the work released after november 27 , 2002 ?","['m.0dkblrq', 'm.0sgr7pj', 'm.0bvvvk', 'm.04xnsh', 'm.0bngmw', 'm.0prrm', 'm.06z8gn', 'm.04n04q', 'm.04qbts', 'm.04j1rzk', 'm.040n6j', 'm.0b6f8pf', 'm.028b3bj', 'm.04vr_f', 'm.03qkkt0', 'm.04pk1f', 'm.03qcdbx', 'm.04y20p', 'm.0271t7s', 'm.068jvg', 'm.0z6m61c', 'm.063k6nh', 'm.03wflx3', 'm.02l11z', 'm.05q4x32', 'm.0dgk_67', 'm.03cfgry', 'm.03ymn75', 'm.0h269z0', 'm.075yg2', 'm.03gjzk', 'm.03259y', 'm.0b3x23', 'm.0k17tt', 'm.0dxtg', 'm.0gwypk']",SA
What party with organization named Free Soil Party was Andrew Jackson in?,"[{'kb_id': 'm.0d075m', 'text': 'Democratic Party'}]",martin van buren,m.04_0m,martin van buren named free soil party was andrew jackson in.,free soil party,m.01bqhj,What was martin van buren named ?,"['m.07y07', 'm.025stgn', 'm.0789n', 'm.020lwv', 'm.048zv9l', 'm.0rmg', 'm.0fj9f', 'm.0265mh', 'm.0m87r', 'm.01ctmx', 'm.05sd_r', 'm.075sf4', 'm.04yhy6', 'm.04gc2', 'm.060d2', 'm.0288rg1', 'm.060c4', 'm.086m1', 'm.0jvsdx3', 'm.02_7l8y', 'm.0xrgk']",FP
Who is the prime minister of the place where Ahmaric is the primary language spoken?,"[{'kb_id': 'm.0dl1t3', 'text': 'Hailemariam Desalegn'}]","australian federal election, 2007",m.0424m0,"the prime minister of the place where ahmaric is the primary language spoken is australian federal election, 2007.",prime minister,m.060bp,Who is in charge of the place where ahmaric is the primary language spoken ?,"['m.021l9k', 'm.0chghy']",FP
What TV movie was Miley Cyrus in that has 1 episode?,"[{'kb_id': 'm.064qvcw', 'text': 'Wizards on Deck with Hannah Montana'}]",high school musical 2,m.0bc5ny,miley cyrus in that has 1 episode was high school musical 2.,miley cyrus,m.0bdxs5,What has 1 episode was high school musical 2 ?,"['g.121cr_v1', 'm.074ft', 'm.0286_hv', 'm.02wtdkf', 'm.02nwg0x', 'm.02nwfzy', 'm.02nwf_c', 'm.02nwg1b', 'm.02nwg0p', 'm.027d00s', 'm.0h5sh_h', 'm.02nwf_4', 'm.02nwf_l', 'm.02nwf_t', 'm.02nwg00', 'm.01d_h8', 'm.06wm0z', 'm.0hv34mg', 'm.0hqxf', 'm.010lq50n', 'm.0hrg55y', 'm.04t36', 'm.0yvjpt_', 'm.0gl45qk', 'm.027vhnr', 'm.09h4b5', 'm.0y5t0q6', 'm.07t7246', 'm.05p553', 'm.0bckp61', 'm.08jlh6', 'm.02hrh1q', 'm.02l7c8', 'm.09f2n3s', 'm.02h6p92', 'm.0f9kn6', 'm.0b1f8v', 'm.068v7p', 'm.04zl2d', 'm.09j47q', 'm.09zzb8', 'm.0fjw2x', 'm.0fmpqc', 'm.02h6n_q', 'm.0c3t71', 'm.04j2bpw', 'm.0y5l096', 'm.09nhvw', 'm.04ghlxs', 'm.0gv944', 'm.09dv8h', 'm.04j2b17', 'm.0wb0rsc', 'm.05h46kw', 'm.03z95_p', 'm.03q9tk0', 'm.047lqz6', 'm.07lrr3', 'm.0y6r0pd', 'm.04j21cp', 'm.04j16kf', 'm.0fbphr', 'm.0y5t372', 'm.0y6rjm4', 'm.0y6313_', 'm.0y63m5h', 'm.0y5t33r', 'm.0y63rg1', 'm.0y63qnk', 'm.0y6r0pm', 'm.04g4mj4', 'm.0y63r1y', 'm.0y631b9', 'm.0y63qzt', 'm.0y631kd', 'm.0y63jn4', 'm.0y5t0w4', 'm.0y5t12s']",SA
What sacred Daoist text had an influence on Jorge Luis Borges?,"[{'kb_id': 'm.0164zy', 'text': 'Zhuang Zhou'}]",walt whitman,m.085gk,walt whitman had an influence on jorge luis borges.,jorge luis borges,m.040db,Who did walt whitman have an influence on ?,"['m.05wfk', 'm.074ft', 'm.061c9', 'm.026yptd', 'm.09c7w0', 'm.0156ry', 'm.0gzh', 'm.03j6c', 'm.02rcv9z', 'm.0d8qb', 'm.0d05w3', 'm.0156r0', 'm.0d4df1', 'm.0cwlz', 'm.09n_d1', 'm.023g_4', 'm.01tbmq', 'm.06mq7', 'm.03_3d']",SA
What magazine with earliest publication end date did Edgar Allan Poe work for?,"[{'kb_id': 'm.028b1d9', 'text': ""Burton's Gentleman's Magazine""}]",the fall of the house of usher,m.0jqsr,edgar allan poe worked for the fall of the house of usher with earliest publication end date.,edgar allan poe,m.02lt8,Who worked for the fall of the house of usher with earliest publication end date ?,"['m.0fzxk_', 'm.09rwmj', 'm.03np6zt', 'm.0808gz6', 'm.04g16fg', 'm.01yr53', 'm.0b6g54w', 'm.0dwmb_', 'm.03gt9vs', 'm.0489tz', 'm.09yh83', 'm.0447rg', 'm.096j2', 'm.066cnz', 'm.04y89f0', 'm.02zsf9', 'm.067sbzp', 'm.01fl7r', 'm.03nx23k', 'm.094jv', 'm.02pp4fj', 'm.0286_88', 'm.0bbqqp2', 'm.0bbqqpl', 'm.07w_jbh', 'm.0k2tc', 'm.026sy10', 'm.025zjtf', 'm.05j038', 'm.070pkl', 'm.0bnl0g', 'm.09cr2x', 'm.053rt0', 'm.05k3q8', 'm.09rwkg', 'm.0df1z6', 'm.01z6yp', 'm.05976s', 'm.03fgzy', 'm.0c38k8', 'm.08xl3k', 'm.059v0g', 'm.07wvrh3', 'm.025f6g', 'm.05zrytd', 'm.0bg4v4', 'm.0dns78', 'm.0g5qth', 'm.03q9jbz', 'm.07fk4z6', 'm.07fk4y6', 'm.07fk4hv', 'm.0bbqqpb', 'm.04w3c6', 'm.0g626q', 'm.06g7gv', 'm.027sh2h', 'm.0bbqqnv', 'm.0bfm2jq', 'm.01ql7ww', 'm.0ffq00', 'm.02hds1', 'm.09v6rrx', 'm.04b9zv', 'm.0dkg6f', 'm.02r9skg', 'm.05977w', 'm.08qg5z', 'm.079csk', 'm.02qjrdq', 'm.01v2p6', 'm.028v3', 'm.0288rm6', 'm.09kgb_k', 'm.09k2sj2', 'm.07hl_sz', 'm.0f466k', 'm.09j99fv', 'm.0b8rsg', 'm.07hl_tf', 'm.09k7t2l', 'm.027tj6p', 'm.06v09r7', 'm.06b6lkp', 'm.098cntp', 'm.09dtph8', 'm.069ngqt', 'm.098cmwn', 'm.09byb3w', 'm.07hl95r', 'm.09dtpdb', 'm.07hl95h', 'm.069ly9r', 'm.06lws78', 'm.06p0vgc', 'm.06cym2d', 'm.09dtphl', 'm.098ckjw', 'm.01dh1c', 'm.07hhfgw', 'm.07hh8jk', 'm.07hhfgd', 'm.0d2lz5', 'm.02gtd4', 'm.027tj0v', 'm.02650vf', 'm.02krdz', 'm.03n57b', 'm.05mr4_7', 'm.09qycb', 'm.0339dm', 'm.0drmym', 'm.09jxzbp', 'm.03pm5_', 'm.09j9ksx', 'm.0bfrwty', 'm.05229t1', 'm.0gjd6mj', 'm.0rh7t', 'm.02wk56', 'm.0kyk', 'm.0gcbncw', 'm.0gbj5k', 'm.02h9mz', 'm.0bqch', 'm.0kv75t', 'm.09dtpgl', 'm.01fkdb', 'm.07x9pn', 'm.0h1d311', 'm.026lrk6', 'm.02blrv', 'm.06bbrh', 'm.0q4s_', 'm.0cmd3h7', 'm.0g_j0', 'm.0522qrm', 'm.02rqk08', 'm.0cz80xd', 'm.07y1pt', 'm.0b75dp8', 'm.030ltq', 'm.04gnntq', 'm.0gls8g1', 'm.02pp1r', 'm.01x_s2', 'm.0bqpdb', 'm.03h_wnw', 'm.09gj8lz', 'm.0dvkqn', 'm.04zz8wg', 'm.0c_b6z', 'm.0gpk6_', 'm.0gj4x9z', 'm.05zqn7v', 'm.04ctfc0', 'm.0gy7zpz', 'm.0glz659', 'm.03qm77n', 'm.02f0bs', 'm.027vh_1', 'm.03m6xft', 'm.02cvjh', 'm.0bwb9y9', 'm.04ct6lf', 'm.0g1y6c', 'm.0b_h1_0', 'm.04m0rm', 'm.03c84n6']",SA
What magazine with earliest publication end date did Edgar Allan Poe work for?,"[{'kb_id': 'm.028b1d9', 'text': ""Burton's Gentleman's Magazine""}]",the tell-tale heart,m.0403zxt,edgar allan poe worked for the tell-tale heart with earliest publication end date.,edgar allan poe,m.02lt8,Who worked for the tell - tale heart with earliest publication end date ?,['m.039xbb'],SA
Who had a concert named Crazy Love Tour?,"[{'kb_id': 'm.02hrh1q', 'text': 'Actor'}, {'kb_id': 'm.09l65', 'text': 'Singer'}, {'kb_id': 'm.0nbcg', 'text': 'Songwriter'}]",the best of michael bubl¨¦,m.01nplpx,the best of michael bubl¨¦ had a concert named crazy love tour.,crazy love tour,m.09gfxrx,What concert did the best of michael bubl¨¦ have ?,"['m.064t9', 'm.015y_n', 'm.02k_kn', 'm.05bt6j', 'm.013dwpnn', 'm.0sh4w1p', 'm.03xy0bh', 'm.03jj58c', 'm.0gvsj4t', 'm.02qdgx', 'm.0155w', 'm.02dsz1', 'm.0hr15fd', 'm.04d680_', 'm.0g6r807', 'm.0hrdhp5', 'm.01nplnh', 'm.0_stzwf', 'm.0dwgndb', 'm.0v4df48', 'm.03qk52w', 'm.02vjzr', 'm.05p330y', 'm.01nplrj', 'm.0h3ph__', 'm.0vs4h8k', 'm.0vs4by1', 'm.0vs4c2r', 'm.0vs4th1', 'm.0vs4c45', 'm.0vs4cd_', 'm.05sz70t', 'm.0vs4chc', 'm.0vs4h6b', 'm.0vx14jx', 'm.0h3b6bz', 'm.0h3b6bw', 'm.0vs4c8l', 'm.0vs4b_8', 'm.0vs4c1y', 'm.01npl9y', 'm.0vx14n5', 'm.01npl9h', 'm.0vs4c5y', 'm.0vs4cgs', 'm.0frry2v', 'm.0vs4h60', 'm.0fsmc_0', 'm.0sjzxp4', 'm.0g5sdcc', 'm.0smwvbx', 'm.01bqg6z', 'm.0sll576', 'm.0sl3gd0', 'm.0skqf5_', 'm.0nmscnl', 'm.0156n15', 'm.0pn9j3', 'm.0fvc2bl', 'm.0f_krjr', 'm.0ftrlyy', 'm.0shgv4g', 'm.0f_krkc', 'm.0pn9k6', 'm.0156n0z', 'm.0skr0qr', 'm.0rf3w61', 'm.0sqt_6t', 'm.012rjrfz', 'm.0sk4rk1', 'm.0rf09hf', 'm.0sh019l', 'm.0sp682k', 'm.0fr7cx2', 'm.0156n1d', 'm.0ftpp7c', 'm.0f_krk1', 'm.0f_krjv', 'm.0nl4wfp', 'm.0sy1nb', 'm.0s63lk', 'm.0frrc3l', 'm.0156n2q', 'm.0156n28', 'm.0156m_n', 'm.0156n1m', 'm.0f_krk5', 'm.0156n02', 'm.01dxxq7', 'm.0shq_4l', 'm.0st217m', 'm.0sk8r1j', 'm.04yb913', 'm.05z_gs2', 'm.0161rf', 'm.0156n1v', 'g.1hg0kjfdv', 'm.0dmm6b6', 'm.01npldc', 'm.0r8m85s', 'm.03cp0g6', 'm.02qg9tj', 'm.0sj_ftr', 'g.11btnkm5y7', 'm.0nmzrnk', 'm.0h08p', 'm.07kfx0_', 'm.0156n09', 'm.0156n34', 'm.01npljf', 'm.0156n0r', 'm.0f_krkk', 'm.0fzlcs8', 'm.07k8f_d', 'm.0nlyn9z', 'm.0nlthdw', 'm.0x51w90', 'm.03ctf35', 'm.026rpws', 'm.0y4f8', 'm.0nnq558', 'm.0xc4lrw', 'm.0nn6w8w', 'm.0rrm6nj', 'm.0np013n', 'm.0tnkzd9', 'm.01dt76l', 'm.0gdc3pt', 'm.0f9sjkt', 'm.0dxvv7r', 'm.0d_7jp8', 'm.0sjfyw4', 'm.0sl0qt0', 'm.0nmksb7', 'm.0slltx0', 'm.0174t32', 'm.0fz6c3w', 'm.0skffkj', 'm.0g6pv0p']",SA
What films have featured the composer of Holy Ground?,"[{'kb_id': 'm.02x3lt7', 'text': 'Hannah Montana: The Movie'}, {'kb_id': 'm.06_wqk4', 'text': ""Valentine's Day""}, {'kb_id': 'm.087wc7n', 'text': 'The Lorax'}, {'kb_id': 'm.0djb8hx', 'text': 'Jonas Brothers: The Concert Experience'}, {'kb_id': 'm.0dx5q8', 'text': 'The Giver'}]",ronan,m.0ncnjcy,ronan have featured the composer of holy ground.,holy ground,m.0p3rh07,ronan have featured the composer of what ?,"['m.02hrh1q', 'm.016z4k', 'm.039v1', 'm.0zlsm', 'm.0h64xty', 'm.0v90ysy', 'm.0zt7wlh', 'm.0v90ywq', 'm.0w1gbxc', 'm.012_y_jq', 'm.012wtwn0', 'm.013022f7', 'm.013780bj', 'm.0ychqg1', 'm.012mpq38', 'm.01384jbf', 'm.012yb9pt', 'm.0l8mh7y', 'm.0np8z3z', 'm.0qs2v1z', 'm.0v90yvp', 'm.0q8fd99', 'm.0dyfhdr', 'm.0ymh9t3', 'm.0qhcyx7', 'm.0v90pw0', 'm.0xnljbl', 'm.03g7rsz', 'm.0cmdv8y', 'm.0kt11l5', 'm.011lmk0n', 'm.04fzl64', 'g.12hhhh17b', 'm.0w1gcgg', 'm.0qhdszl', 'm.0y603xz', 'm.03cl661', 'm.0w1gc7j', 'm.0f9j46z', 'm.0fsvq5r', 'm.0xnlptf', 'm.0np7lyc', 'm.0xnltf5', 'm.0rzq3vt', 'm.0xnlfj0', 'm.0qcj7kz', 'm.0qbj764', 'm.0w1gbng', 'm.0qdjmwp', 'm.0xnlgv6', 'm.0xnlk03', 'm.0qhct4y', 'm.0h32z_v', 'm.0xnldx7', 'm.0dx87fz', 'm.0w1gcr6', 'm.0xnlhtx', 'm.0xnlg6g', 'm.0xnln6f', 'm.0v90yqv', 'm.0xnlcw8', 'g.11btzxkr6h', 'g.11b6hzvg95']",SA
How does the religious organization of St. Paul the Apostle Church refer to their deity?,"[{'kb_id': 'm.03qsc', 'text': 'Holy Spirit'}, {'kb_id': 'm.045m1_', 'text': 'Jesus Christ'}, {'kb_id': 'm.077_fbm', 'text': 'The Father'}, {'kb_id': 'm.0d05l6', 'text': 'God'}]",virgin birth of jesus,m.012lvl,the religious organization of st. paul the apostle church refers to their deity by virgin birth of jesus.,st. paul the apostle church,m.02vvkyt,What religious organization refers to their deity by virgin birth of jesus ?,"['m.077_fbm', 'm.03qsc', 'm.0d05l6', 'm.045m1_', 'm.07lq1', 'm.056y1t', 'm.05_6s', 'm.02wvcg4']",SA
What years' World Series were won by the sports team whose owner is Frank McCourt?,"[{'kb_id': 'm.04j7dq', 'text': '1981 World Series'}, {'kb_id': 'm.04j7ml', 'text': '1988 World Series'}, {'kb_id': 'm.04tfkz', 'text': '1965 World Series'}, {'kb_id': 'm.04tfp1', 'text': '1963 World Series'}, {'kb_id': 'm.04tfrv', 'text': '1959 World Series'}]",1963 world series,m.04tfp1,won by the sports team whose owner is frank mccourt were in 1963 world series.,frank mccourt,m.05w2rj,Who is the owner of the sports team that won the 1963 world series ?,['m.095nx'],NA
Which countries in the Caribbean use the Euro?,"[{'kb_id': ':m.0bwhs8r', 'text': 'Caribbean special municipalities of the Netherlands'}]",netherlands,m.059j2,netherlands countries in the caribbean use the euro.,euro,m.02l6h,What do netherlands countries in the caribbean use ?,"['m.0rdr4', 'm.0162v', 'm.06ryl', 'm.0f8l9c', 'm.0d9rp', 'm.0fqxc', 'm.0168t', 'm.05byy', 'm.0d8rs', 'm.0fqww', 'm.06s0l', 'm.0154j', 'm.01pfly', 'm.0157g9', 'm.09c7w0', 'm.059g4', 'm.028y82', 'm.0bt5w', 'm.09lxtg']",SA
What year did the Dodgers beat The Chicago White Sox in the World Series?,"[{'kb_id': 'm.04tfrv', 'text': '1959 World Series'}]",1981 world series,m.04j7dq,the dodgers beat the chicago white sox in the world series in 1981 world series.,chicago white sox,m.01slc,Who did the dodgers beat in the 1981 world series ?,['m.0pzt4'],SA
Which periodical published since 1837 did Edgar Allan Poe work for?,"[{'kb_id': ':m.06thjt', 'text': 'The New School'}]",the narrative of arthur gordon pym of nantucket,m.04v_g_3,the narrative of arthur gordon pym of nantucket periodical published since 1837 did edgar allan poe work for.,edgar allan poe,m.02lt8,Who worked for the narrative of arthur gordon pym of nantucket periodical ?,"['m.0cbd2', 'm.02xhgwq', 'm.05z96', 'm.02h667t', 'm.0kyk', 'm.06zts42']",FP
In which movie did Alexys Nycole Sanchez and Adam Sandler act in?,"[{'kb_id': 'm.0640m69', 'text': 'Grown Ups'}]",eight crazy nights,m.02m7tn,alexys nycole sanchez and adam sandler act in in eight crazy nights.,adam sandler,m.0pz91,alexys nycole sanchez and what else act in in eight Crazy nights ?,"['m.05p553', 'm.020b21', 'm.0b6f8pf', 'm.02hrh1q', 'm.0np9r', 'm.0ch3qr1', 'm.074w86', 'm.010rdrd1', 'm.03z20c', 'm.04dn0fk', 'm.0dxtg', 'm.087pfc', 'm.0bshwmp', 'm.09mcdk', 'm.0mzt5cs', 'm.018gz8', 'm.0f2sx4', 'm.0g4s2b5', 'm.02qdrjx', 'm.0gh9fjz', 'm.0dmh22', 'm.01d_h8', 'm.02tgz4', 'm.03why2r']",SA
What animated type movies did Adam Sandler star in?,"[{'kb_id': 'm.010rdrd1', 'text': 'Pixels'}, {'kb_id': 'm.02m7tn', 'text': 'Eight Crazy Nights'}]",reign over me,m.02hwd1n,did adam sandler star in reign over me type movies.,adam sandler,m.0pz91,Who starred in reign over me type movies ?,"['m.02ph9tm', 'm.07zsmk', 'm.087pfc', 'm.0408m53', 'm.03why2r', 'm.0640m69', 'm.07kb7vh', 'm.09w3b', 'm.02m7tn', 'm.03ttr9', 'm.0gh9fjz', 'm.010rdrd1', 'm.0f2sx4', 'm.02tgz4', 'm.04ybtdp', 'm.0b6f8pf', 'm.095z4q', 'm.03gzn2w', 'm.07x6zk', 'm.0bshwmp', 'm.074w86', 'm.0gwgn1k']",SA
What does the religion who worships in Barcelona Cathedral call their God?,"[{'kb_id': 'm.03qsc', 'text': 'Holy Spirit'}, {'kb_id': 'm.045m1_', 'text': 'Jesus Christ'}, {'kb_id': 'm.077_fbm', 'text': 'The Father'}, {'kb_id': 'm.0d05l6', 'text': 'God'}]",the father,m.077_fbm,the religion who worships in barcelona cathedral calls their god as the father.,barcelona cathedral,m.0vlyb,Where does the religion who worships in their god call their god as the father ?,"['m.0_ylbwq', 'm.0173tc', 'm.01wb7']",NA
"Which movies did Adam Sandler act in, and is in the English Language?","[{'kb_id': 'm.010fch95', 'text': 'Paul Blart: Mall Cop 2'}, {'kb_id': 'm.010rdrd1', 'text': 'Pixels'}, {'kb_id': 'm.02m7tn', 'text': 'Eight Crazy Nights'}, {'kb_id': 'm.02ph9tm', 'text': ""You Don't Mess with the Zohan""}, {'kb_id': 'm.02qdrjx', 'text': 'Bedtime Stories'}, {'kb_id': 'm.02ql1gl', 'text': 'Joe Dirt 2: Beautiful Loser'}, {'kb_id': 'm.03why2r', 'text': 'Paul Blart: Mall Cop'}, {'kb_id': 'm.0408m53', 'text': 'The House Bunny'}, {'kb_id': 'm.0640m69', 'text': 'Grown Ups'}, {'kb_id': 'm.074w86', 'text': 'Deuce Bigalow: European Gigolo'}, {'kb_id': 'm.07kb7vh', 'text': 'Zookeeper'}, {'kb_id': 'm.07x6zk', 'text': 'Dickie Roberts: Former Child Star'}, {'kb_id': 'm.07zsmk', 'text': 'The Benchwarmers'}, {'kb_id': 'm.087pfc', 'text': 'Click'}, {'kb_id': 'm.0b6f8pf', 'text': 'Bucky Larson: Born to Be a Star'}, {'kb_id': 'm.0bshwmp', 'text': 'Just Go With It'}, {'kb_id': 'm.0ch3qr1', 'text': 'Jack and Jill'}, {'kb_id': 'm.0f2sx4', 'text': 'I Now Pronounce You Chuck and Larry'}, {'kb_id': 'm.0gwgn1k', 'text': ""That's My Boy""}, {'kb_id': 'm.0mzt5cs', 'text': 'Grown Ups 2'}, {'kb_id': 'm.0v_ckgv', 'text': 'Blended'}]",i now pronounce you chuck and larry,m.0f2sx4,"adam sandler act in, and was in the english language i now pronounce you chuck and larry.",adam sandler,m.0pz91,"What act in , and was in the english language i now pronounce you chuck and larry ?","['m.0ctw_b', 'm.0chghy', 'm.03v09', 'm.0cr6b8j', 'm.04306rv', 'm.04g51', 'm.04g7d', 'm.03rt9', 'm.01lhy', 'm.064_8sq', 'm.0fdys', 'm.05zjd', 'm.0dh53', 'm.0349s', 'm.0290sh6', 'm.02jfc', 'm.02xlf', 'm.06nm1', 'm.02kdw56']",NA
Which university with the largest number of postgraduates did Kevin Hart attend?,"[{'kb_id': 'm.01jt2w', 'text': 'Temple University'}]",temple university,m.01jt2w,kevin hart attended temple university with the largest number of postgraduates.,kevin hart,m.0ggp1n,Who attended the largest number of postgraduates ?,['m.03yfq3l'],FP
What currency is used in the country with Rio de Janeiro?,"[{'kb_id': 'm.03385m', 'text': 'Brazilian real'}]",ipanema,m.042w1f,ipanema is used in the country with rio de janeiro.,rio de janeiro,m.01hd4s,ipanema is used in the country with what ?,"['m.01kq6y', 'm.0bpwqp', 'm.0gg7v_']",SA
Who is governor for the region that has the Uinta Mountains as a landmark?,"[{'kb_id': 'm.02rzfbm', 'text': 'Matt Mead'}]",mountain states,m.03pzq_,governor for the region that has the uinta mountains as a landmark is mountain states.,governor,m.0fkvn,What is the title of the region that has the uinta mountains as a landmark ?,"['m.04_1l0v', 'm.018hr_', 'm.09c7w0']",FP
What sacred Daoist text had an influence on Jorge Luis Borges?,"[{'kb_id': 'm.0164zy', 'text': 'Zhuang Zhou'}]",h. p. lovecraft,m.03j0d,h. p. lovecraft had an influence on jorge luis borges.,jorge luis borges,m.040db,What did h . p . lovecraft have an influence on ?,"['m.06hmd', 'm.04k0p', 'm.02lt8', 'm.01vgv', 'm.09jyp', 'm.05gpy', 'm.03hnd', 'm.03_dj', 'm.0h9jm', 'm.01b7r6', 'm.061c9', 'm.037mh8', 'm.03x8tq', 'm.015zkd', 'm.0qdzd', 'm.02822']",SA
Who held Secretary of State after the Battle of Vicksburg?,"[{'kb_id': 'm.07t2k', 'text': 'Ulysses S. Grant'}]",james baker,m.01f6t5,james baker held secretary of state after the battle of vicksburg.,secretary of state,m.0789n,What position did james baker hold after the battle of vicksburg ?,"['m.0bw8r', 'm.07y07', 'm.01f62w', 'm.07t2k']",SA
What currency is used in the country with Rio de Janeiro?,"[{'kb_id': 'm.03385m', 'text': 'Brazilian real'}]",cida diogo,m.04cllbn,cida diogo is used in the country with rio de janeiro.,rio de janeiro,m.01hd4s,What is the country with which cida diogo is used ?,['m.015fr'],SA
"Which magazine did Edgar Allan Poe work for, with the earliest publication start date?","[{'kb_id': 'm.028b1d9', 'text': ""Burton's Gentleman's Magazine""}]",the pit and the pendulum,m.0dl5mr,"edgar allan poe worked for, with the earliest publication start date the pit and the pendulum.",edgar allan poe,m.02lt8,Who worked for the earliest publication start date the pit and the pendulum ?,"['m.02hrh1q', 'm.01d_h8', 'm.03gjzk', 'm.04gc2', 'm.0r00l', 'm.012t_z', 'm.0dxtg']",SA
What major US religion has a religious organization named Army of the Lord?,"[{'kb_id': ':m.01lp8', 'text': 'Christianity'}]",christianity,m.01lp8,christianity has a religious organization named army of the lord.,army of the lord,m.010hq7jr,What is the name of the religious organization that christianity has ?,"['m.0798q', 'm.03qsc', 'm.0d05l6', 'm.03_gx', 'm.05sfs']",SA
For what magazine that began production prior to 1844 did Edgar Allan Poe work?,"[{'kb_id': 'm.028b1d9', 'text': ""Burton's Gentleman's Magazine""}]",morella,m.0nbb3yb,for morella began production prior to 1844 did edgar allan poe work.,edgar allan poe,m.02lt8,What did what work for morella begin production prior to 1844 ?,"['m.02xhgwq', 'm.0cbd2', 'm.0kyk', 'm.05z96', 'm.06zts42', 'm.0dxtg']",FP
Which major religion of the US has "Uchchhishta Ganapati" as a deity?,"[{'kb_id': 'm.03j6c', 'text': 'Hinduism'}]",hinduism,m.03j6c,hinduism of the us has " uchchhishta ganapati " as a deity.,uchchhishta ganapati,m.010x89zn,Who is a deity in hinduism of the us ?,"['m.01j92y', 'm.03vh65', 'm.055v4c', 'm.03kbr', 'm.0c38sm', 'm.02kvzk_', 'm.0d89n8', 'm.03rk0', 'm.0pjwm', 'm.0pdvt', 'm.0ng8b', 'm.051pk7', 'm.04fckk', 'm.074l5', 'm.0pm0x', 'm.0d060g', 'm.01_4x0', 'm.0f0m_4']",NA
What magazine with earliest publication end date did Edgar Allan Poe work for?,"[{'kb_id': 'm.028b1d9', 'text': ""Burton's Gentleman's Magazine""}]",the blood demon,m.0127p0qd,edgar allan poe worked for the blood demon with earliest publication end date.,edgar allan poe,m.02lt8,Who worked for the blood demon with earliest publication end date ?,"['m.02hrh1q', 'm.05hj__k', 'm.02jknp', 'm.0dxtg', 'm.0csvw5', 'm.01xq8v', 'm.0hcp1', 'm.02r9mrt', 'm.064r9j', 'm.0chl70', 'm.0crsq3w', 'm.0743ql', 'm.07m7j8', 'm.0732_0', 'm.075xrl', 'm.077hq8', 'm.03pyd6', 'm.04nkm_', 'm.073bl9', 'm.0bbtj2', 'm.02ml29', 'm.02ml14', 'm.035yn8', 'm.048p_g', 'm.027dkz6', 'm.06d6nx', 'm.06d6z_', 'm.07m7ls', 'm.080bbt', 'm.02vhv', 'm.04193s', 'm.03tb_8', 'm.031s9x', 'm.09yqn5', 'm.095_xw', 'm.027jw0c', 'm.09_dfl', 'm.0kv371', 'm.0815dq', 'm.09yqf1', 'm.06z8hq', 'm.02mkwj', 'm.02r71n', 'm.0bfv4r', 'm.0c5nv_', 'm.09yqpy', 'm.05gmn3', 'm.04xx35', 'm.0d2ylv', 'm.04j2bln', 'm.01yttf', 'm.02mkys', 'm.0ft8g4', 'm.04j2147', 'm.07022t', 'm.0crrqd8', 'm.0dm5gp', 'm.06_nv6', 'm.01yvmf', 'm.04j06_y', 'm.05_5y0h', 'm.05q8n', 'm.05nhv2', 'm.0fkzvz', 'm.07rhl9', 'm.06d6ch', 'm.08dl83', 'm.09qljs', 'm.014hr', 'm.03d243x', 'm.02ml1k', 'm.05bf0lq', 'm.06kc5h', 'm.070pcg', 'm.04j1_9j', 'm.04mqwg', 'm.02xb1zf', 'm.09_j17', 'm.02q0np5', 'm.01l40', 'm.031ssn', 'm.0680y4', 'm.070j02', 'm.02mkzj', 'm.0ch5gpb', 'm.07g38', 'm.09yqhw', 'm.02ktq2', 'm.076_1m', 'm.09yj8d', 'm.047bx4_', 'm.01g3gq', 'm.07cbtf', 'm.07m2f7', 'm.05wq1m', 'm.016mng', 'm.01ss20', 'm.0d1h9c', 'm.07z5km', 'm.0gy30w', 'm.06vbd_', 'm.09m6vx', 'm.0bmflf5', 'm.08tqnz', 'm.04ydvw_', 'm.0c33c1', 'm.0djbd20', 'm.0f974j', 'm.026ljzc', 'm.0270n8r', 'm.02815nw', 'm.025slc_', 'm.07h_rj', 'm.0d3vc0', 'm.047g36w', 'm.0fnt44', 'm.0df7k7', 'm.04j0c3_', 'm.05sybnt', 'm.03gw4vk', 'm.0fx23h', 'm.08zqb6', 'm.0ryss9v', 'm.061_jx', 'm.0gfybvp', 'm.0g7d03', 'm.02pxq42', 'm.0bk6z3', 'm.03c9r1v', 'm.06qwh0', 'm.02rlqy0', 'm.03c2x30', 'm.05sptf1', 'm.0cs05r4', 'm.05m_c4m', 'm.0860sg', 'm.0crrcjb', 'm.05h4rxh', 'm.09rx0yj', 'm.0crymhx', 'm.07f458', 'm.0crvlhm', 'm.027988s', 'm.04j1_y6', 'm.0crrr87', 'm.04j1f84', 'm.0crsmvf', 'm.04j0m6t', 'm.0d7lys', 'm.0286s61', 'm.04c3jd', 'm.03gtqpk', 'm.02dj5n', 'm.0crsqc6', 'm.073x_t', 'm.0fvblp', 'm.02vwy8s', 'm.0g6jhg', 'm.0765dp', 'm.08b9v0', 'm.05c8xf', 'm.0d7rqc', 'm.0dxlh7', 'm.043lslk', 'm.09q1qm', 'm.0c42gp', 'm.0gy4mh', 'm.0crt8zg', 'm.0803h93', 'm.07ftpp', 'm.083xs1', 'm.0c1qws', 'm.05pcssh', 'm.0crzm16', 'm.05msfxf', 'm.04j0cgf', 'm.080jn31', 'm.02rx2hc', 'm.0bhb83p', 'm.0crspx8', 'm.06wb73s', 'm.0ch30sk', 'm.060g7r', 'm.079csk', 'm.0dgks8t', 'm.0408ch5', 'm.0crxx__', 'm.0h4dtc', 'm.026s16v', 'm.02w4gh8', 'm.02cbbd', 'm.05ddyt', 'm.0cqkrt5', 'm.0crs0n1', 'm.0kv38y', 'm.02gk59', 'm.0brjnd', 'm.08q1n8', 'm.0ggp41', 'm.09g8dv', 'm.02zmr8', 'm.09rz602', 'm.07k482', 'm.08n26b', 'm.02pl62m', 'm.03t397', 'm.0gfg_d_', 'm.0g95_y', 'm.02qf52n', 'm.03cljmh', 'm.039yp5', 'm.08ll52', 'm.047n8r', 'm.0m3gy', 'm.0c9jj9', 'm.0by5bf', 'm.0389gk', 'm.0d0xt6', 'm.04xdwm', 'm.03c6tgc', 'm.09p5mwg', 'm.0bfj1l', 'm.088f4w', 'm.08vx93', 'm.0kt_zc', 'm.0gbm1h5', 'm.02zmq6', 'm.02rwfz6', 'm.09b9x1', 'm.02vt5c', 'm.0kv4f1', 'm.02vrq_n', 'm.0g94jz', 'm.027vg01', 'm.0df3np', 'm.04j15v4', 'm.04j06k_', 'm.080sh0', 'm.0cgy_xt', 'm.02x7410', 'm.0f8597', 'm.02w0375', 'm.0bh8dbg', 'm.0bbbnlt', 'm.0cd_cp', 'm.03cbzb_', 'm.03j088', 'm.0bbw5dq', 'm.02829_b', 'm.05b5ydr', 'm.0704hw', 'm.0h45y0', 'm.0b7yxhl', 'm.07s7zqc', 'm.0397fk', 'm.0h3lpw', 'm.02w4d6q', 'm.04j230h', 'm.08l89m', 'm.0kvc_d', 'm.02ww0q4', 'm.02vqc77', 'm.06k4hg', 'm.04vmhy', 'm.05nsx8', 'm.0bqwg4', 'm.08t6yk', 'm.01t7bl', 'm.0dk1cw', 'm.06dt8s', 'm.04cyvf']",SA
Which films did Adam Sandler appear in that have a Netflix ID number lower than 70087541?,"[{'kb_id': 'm.0f2sx4', 'text': 'Dickie Roberts: Former Child Star'}, {'kb_id': 'm.074w86', 'text': 'Deuce Bigalow: European Gigolo'}, {'kb_id': 'm.087pfc', 'text': 'Bedtime Stories'}, {'kb_id': 'm.02qdrjx', 'text': 'The Benchwarmers'}, {'kb_id': 'm.07zsmk', 'text': 'Eight Crazy Nights'}, {'kb_id': 'm.02m7tn', 'text': 'Click'}, {'kb_id': 'm.07x6zk', 'text': 'I Now Pronounce You Chuck and Larry'}]",click,m.087pfc,adam sandler appeared in that have a netflix id number lower than 70087541 click.,adam sandler,m.0pz91,What appeared in that have a netflix id number lower than 70087541 click ?,"['m.02qdrjx', 'm.020b21', 'm.07kb7vh', 'm.02tgz4', 'm.0640m69', 'm.02bhsc', 'm.02hxhz', 'm.0gh9fjz', 'm.074w86', 'm.0mzt5cs', 'm.02m7tn', 'm.010rdrd1', 'm.0ch3qr1', 'm.0b6f8pf', 'm.036z1n', 'm.03why2r', 'm.07zsmk', 'm.0gwgn1k', 'm.03z20c', 'm.010fch95', 'm.02ph9tm', 'm.0f2sx4', 'm.0bshwmp', 'm.02hrh1q']",NA
Which Tokyo International Film Festival movie debut stared Logan Lerman?,"[{'kb_id': 'm.0crc2cp', 'text': 'The Three Musketeers'}]",my one and only,m.04f46k7,my one and only tokyo international film festival movie debut stared logan lerman.,logan lerman,m.04f1s6,What was the name of my one and only tokyo international film festival movie ?,"['m.01yzhn', 'm.06hd0t']",FP
What movie written by Ethan Coen was directed by Angelina Jolie?,"[{'kb_id': ':m.0wjk75w', 'text': 'Unbroken'}]",intolerable cruelty,m.05fgt1,intolerable cruelty written by ethan coen was directed by angelina jolie.,angelina jolie,m.0f4vbz,Who directed the intolerable cruelty written by ethan coen ?,"['m.0fvf9q', 'm.017f70', 'm.0kvd87', 'm.02wkmx', 'm.02xj3qg', 'm.0b0wxz', 'm.0k4gkl', 'm.09ly8bv', 'm.02x3lgy', 'm.09dyj_r', 'm.0gkmctg', 'm.0hzq9vf', 'm.09clwr', 'm.027b9ly', 'm.027cy6c', 'm.0276syb', 'm.09m50tz', 'm.05mw977', 'm.02x4sn8', 'm.0gr51', 'm.02rdyk7', 'm.099hv2', 'm.09tf2x1', 'm.04dn09n', 'm.04sntd', 'm.09d28z', 'm.0dxtg', 'm.0f_nbyh', 'm.0qs36hj', 'm.02hspx7', 'm.03hkv_r', 'm.02jknp', 'm.01d_h8', 'm.0wjk75w', 'm.03gjzk', 'm.02q7393', 'm.02hrh1q', 'm.0bbd0by', 'm.02z0skb', 'm.0gr4k', 'm.0d87hc', 'm.011wtv', 'm.06lht1', 'm.04qvl7', 'm.01gx7d4', 'm.02pqp12', 'm.02qr69m', 'm.0219x_', 'm.0qs36hd', 'm.02x173w', 'm.0bq00y', 'm.028cg00', 'm.033fqh', 'm.09m6kg', 'm.0dk8gd', 'm.02wh75w', 'm.013knm', 'm.03t97y', 'm.0g4rwc8', 'm.0k4gkw', 'm.0gs9p', 'm.04rtpt', 'm.0ff4w', 'm.07j8rj', 'm.05zl0', 'm.0ch6mp2', 'm.01pnf9', 'm.016y0b', 'm.03bxhtr', 'm.02hmvc', 'm.06dbgh', 'm.08wr3kk']",SA
Where is the Busch Stadium arena?,"[{'kb_id': 'm.06k1v5', 'text': 'Busch Stadium'}]",st. louis,m.06wxw,the busch stadium is arena in st. louis.,busch stadium,m.06k1v5,What is the arena in st . louis ?,"['m.03w818l', 'm.0d528', 'm.037std', 'm.047v0wr', 'm.018hvx', 'm.030639', 'm.02t7l2', 'm.0bs1yjt']",SA
