Source Question,Ground Truth,Source Answer,Source Answer ID,Target Answer ID,New Question,New Answer ID,Inspection Conclusion
What are the names of the Walt Disney kids who died in Santa Monica?,"[{'kb_id': 'm.07kyh5', 'text': 'Sharon Mae Disney'}]",orphan's benefit,m.01j5r0,"['m.09b3v', 'm.04rcl7', 'm.01795t']",what is the production companies of the names of the Walt Disney kids who died in Santa Monica,"['m.015yg9', 'm.0k5mc', 'm.015xg2', 'm.057ph', 'm.0gy738g', 'm.0gy7442', 'm.0fq8ws', 'm.07kyh5', 'm.03hfstp', 'm.0f2ml', 'm.064ndq', 'm.0b1ywz', 'm.0465blv', 'm.0gy6vnr', 'm.09889g', 'm.07k55vt', 'm.0bjqh', 'm.01_1p3', 'm.08nqgk', 'm.04wprc', 'm.03y893b', 'm.0gys7n3', 'm.01j5r0', 'm.0b1yq2', 'm.011f5scv', 'm.02nj20', 'm.03y4hh_', 'm.0k5j9', 'm.011f5r9v', 'm.0gxv2w', 'm.0hhphqm', 'm.03y0pn', 'm.06zq46p', 'm.05nlx4', 'm.018wng', 'm.09v8clw', 'm.054ky1', 'm.0jysg', 'm.07g7lb', 'm.0ly_w21', 'm.03m61v2', 'm.054rdz', 'm.027tcvt', 'm.06zsrwp']",FP
What is the type of goverment in the place where the Peruviana Hairless Dog originated?,"[{'kb_id': 'm.01d9r3', 'text': 'Presidential system'}, {'kb_id': 'm.01fpfn', 'text': 'Unitary state'}, {'kb_id': 'm.06cx9', 'text': 'Republic'}, {'kb_id': 'm.0c9rw5', 'text': 'Constitutional republic'}]",cesky fousek,m.0fgh8v,"['m.04kpjnr', 'm.04kr4vb', 'm.04kt7km', 'm.04m1qsb', 'm.04mn9b6', 'm.04lcy3h']",what is the temperament of the type of goverment in the place where the Peruviana Hairless Dog originated,"['m.05spljf', 'm.05splm8', 'm.05splnc', 'm.05spllv', 'm.05splp7', 'm.05splgx', 'm.05spln4', 'm.05splp0', 'm.05splqb', 'm.05splmq', 'm.05splrm', 'm.05spljn', 'm.05splqk', 'm.05splqr', 'm.05splmh', 'm.05splqz', 'm.05spljw', 'm.08s0ws', 'm.03j7p3', 'm.0fgh8v', 'm.03vgc4', 'm.03g_78s', 'm.01przn', 'm.08f_zh', 'm.03jjm4', 'm.0gvx7', 'm.01p2dp', 'm.01p2lr', 'm.01z404', 'm.03ysz', 'm.0y7vqx3', 'm.0y7vr8t', 'm.0y7vrk_', 'm.02kw9d', 'm.01j7n4', 'm.01hzb8', 'm.05splkj', 'm.0ljl8', 'm.06g210', 'm.04xx17', 'm.03cq_p', 'm.06v_sc', 'm.0622q7', 'm.03yff_n', 'm.05qgc4', 'm.03b6hk', 'm.076_8', 'm.049jr6', 'm.0285t83', 'm.02cj3', 'm.01cx_v', 'm.02d6dsf', 'm.071jj', 'm.02kfwr', 'm.074g8y', 'm.03gt33k', 'm.03gymyk']",SA
What did Martin Luther do where he stopped leading a religious organization earlier than 27 March 1993?,"[{'kb_id': 'm.05xjb', 'text': 'Priest'}]",martin luther university of halle-wittenberg,m.035yzw,['m.0h6mnq5'],what is the phone number of Martin Luther do where he stopped leading a religious organization earlier than 27 March 1993,"['m.042x_', 'm.045m1_', 'm.02rpq', 'm.05sfs', 'm.0m1wd', 'm.041yl', 'm.046f1', 'm.0c8wxp', 'm.04pk9', 'm.07hp5', 'm.035yzw']",SA
What influenced the author of Street Scene to write poetry?,"[{'kb_id': 'm.085gk', 'text': 'Walt Whitman'}]",walt whitman,m.085gk,['m.0101mkct'],the thing influenced the author of Street Scene to write poetry is subject of what,['m.085gk'],NA
What river runs through Phoenix and what other states does it flow through?,"[{'kb_id': 'm.01n4w', 'text': 'Colorado'}, {'kb_id': 'm.01n7q', 'text': 'California'}, {'kb_id': 'm.059_c', 'text': 'Nevada'}, {'kb_id': 'm.0vmt', 'text': 'Arizona'}]",mesa arts center,m.0cggr1,"['m.0qpn9', 'm.0d35y']",what is the near travel destination of the river What river,"['m.0cns5', 'm.0cggr1', 'm.056wfy', 'm.0k2myn3', 'm.0d3hj6', 'm.06_2xlx', 'm.03qmw7r']",SA
What shows feature Tamera Mowry and have only one season?,"[{'kb_id': 'm.02rr9jc', 'text': 'Detention'}, {'kb_id': 'm.05h2jn_', 'text': 'Roommates'}, {'kb_id': 'm.08lsjw', 'text': 'The Adventures of Hyperman'}]",the adventures of hyperman,m.08lsjw,['m.02h40lc'],what is the languages of the thing feature Tamera Mowry and have only one season,"['m.0h2b2lm', 'm.0h2b2ld', 'm.05n5lqz', 'm.0dg9y03', 'm.0fjtx7', 'm.0h2b2l5']",NA
"What super bowls were won by the Giants prior to February 5, 2012?","[{'kb_id': 'm.04myq1', 'text': 'Super Bowl XXI'}, {'kb_id': 'm.076v7', 'text': 'Super Bowl XXV'}, {'kb_id': 'm.076sw', 'text': 'Super Bowl XLII'}]",2008 nfc championship game,m.0_gv20x,['m.05df7k'],"what is the instance of recurring event of the super bowls were won by the Giants prior to February 5, 2012","['m.043t_rh', 'm.076v7', 'm.0j34j42', 'm.04myq1', 'm.076sw', 'm.0_gv20x', 'm.0_gv23p', 'm.02666j8']",SA
What Portuguese speaking country that has emissions per capita of 0.028831 metric ton?,"[{'kb_id': 'm.036b_', 'text': 'Guinea-Bissau'}]",timor-leste,m.02lx0,"['m.0ds3wqc', 'm.0kvkrqr', 'm.0ds4_sh', 'm.02vwjcw', 'm.0dsd7k9', 'm.02w4b3', 'm.0j3ns3q', 'm.01319chv', 'm.0drydzk', 'm.0jkxx_9', 'm.0ds8n6r', 'm.0131jyv9', 'm.0kl0l93', 'm.0gty058', 'm.013183cm', 'm.0j53ls0', 'm.02r7w44', 'm.0dgqjlx', 'm.01281ch3', 'm.012smrv6', 'm.02rwzv4', 'm.04cyt90', 'm.0kg3fp9', 'm.04cy7fr', 'm.03chycp']",who is the people born here of the Portuguese speaking country that has emissions per capita of 0.028831 metric ton,"['m.015fr', 'm.0hg5', 'm.04wlh', 'm.0d05w3', 'm.0j4b', 'm.05r4w', 'm.036b_', 'm.02lx0']",SA
What Ron Howard film was released first?,"[{'kb_id': 'm.09gf7yk', 'text': 'The Journey'}]",the dilemma,m.0c3_662,"['m.0gxblq3', 'm.05p553', 'm.0gw5nxs']",what is the netflix genres of the Ron Howard film was released first,"['m.0crrc8', 'm.09m6kg', 'm.02mh4b', 'm.01hw5kk', 'm.02_1sj', 'm.06xz7w', 'm.04ynx7', 'm.02yf34', 'm.0134tnr7', 'm.050gkf', 'm.0f4_2k', 'm.0dgkzwj', 'm.011yd2', 'm.034bm_', 'm.01vd7y', 'm.02rylzd', 'm.047nfz', 'm.02t9_q', 'm.0crwz48', 'm.06zsyy6', 'm.0hv8w', 'm.0gxdf11', 'm.079h70', 'm.0crjcw1', 'm.06rqp_', 'm.03r58n', 'm.05y48m', 'm.0cc5m07', 'm.04d_tqm', 'm.02vqsll', 'm.0c3_662', 'm.0b7b2_b', 'm.09gf7yk', 'm.09hfyy', 'm.01xvjb', 'm.0b66flr', 'm.069ym_', 'm.03xx0x', 'm.05h3bcc', 'm.0cqnss', 'm.065dc4', 'm.0xnx1p3', 'm.0ngnf3x']",FP
What is Miley Cyrus' most recently distributed film?,"[{'kb_id': 'm.010ls0tb', 'text': 'Miley Cyrus: Tongue Tied'}]",hannah montana: the movie,m.02x3lt7,['m.030qb3t'],what is the featured film locations of Miley Cyrus' most recently distributed film,"['m.06fcqw', 'm.080gfc8', 'm.0g56xqy', 'm.0crsmk2', 'm.064qvcw', 'm.0bc5ny', 'm.07ykkx5', 'm.05h43ls', 'm.02x3lt7', 'm.0cs2t3x', 'm.0cmddrx', 'm.027pfg', 'm.010ls0tb']",SA
What college did Paul Ryan attend that has a team Miami RedHawks men's basketball?,"[{'kb_id': 'm.01r3y2', 'text': 'Miami University'}]",miami university,m.01r3y2,"['m.0zs_v6j', 'm.0h71xs0']",what is the number of postgraduates of the college Paul Ryan attend that has a team Miami RedHawks men's basketball,['m.01r3y2'],NA
Who is the current governor has the official symbol of greater short-horned lizard area?,"[{'kb_id': 'm.02rzfbm', 'text': 'Matt Mead'}]",swedish national bank,m.06vk4,"['m.0gj5rkl', 'm.0gmhbvb']",what is the employees of the current governor has the official symbol of greater short - horned lizard area,"['m.01x8wv', 'm.0284t04', 'm.060qbw', 'm.03h64', 'm.04f6gr', 'm.0hsb3', 'm.02mw6c', 'm.0gj5628', 'm.0416zwc', 'm.0v_fkv1', 'm.0w21r1w', 'm.0wdw970', 'm.0whcc5c', 'm.09lc9', 'm.0fnt0c', 'm.02l6_', 'm.0w8kvn4', 'm.0w2ptz0', 'm.0j1yc6z', 'm.0h2l35n', 'm.0846v', 'm.01fnc', 'm.0n_r_01', 'm.0wpt7sl', 'm.0101b4ft', 'm.0w1ct15', 'm.026w144', 'm.02b_qw', 'm.0vb3nls', 'm.0w4d_50', 'm.09xwz', 'm.06vk4']",SA
Who held Secretary of State after the Battle of Vicksburg?,"[{'kb_id': 'm.07t2k', 'text': 'Ulysses S. Grant'}]",lord dudley,m.05snvx5,['m.05zppz'],who is the gender of the person held Secretary of State after the Battle of Vicksburg,"['m.07t2k', 'm.0rlz', 'm.09bg4l', 'm.0kn4c', 'm.01g9kk', 'm.01c0jq', 'm.042fk', 'm.0d1_f', 'm.0424m', 'm.07ssc', 'm.09b6zr', 'm.02mjmr', 'm.021yzd', 'm.08959', 'm.07cbs', 'm.03_nq', 'm.083q7', 'm.034ls', 'm.0157m', 'm.06c97', 'm.04lhfcl', 'm.05snvx5', 'm.05v0qnb', 'm.02yy8', 'm.0203v', 'm.0b3tf', 'm.062t6j8', 'm.01t9hj', 'm.0dm0x', 'm.020d5', 'm.0_s3z_t', 'm.062t4w', 'm.042d1', 'm.034rd', 'm.028rk', 'm.0dq2k', 'm.01hvyf', 'm.026v8cr', 'm.06c0j', 'm.01bxb3', 'm.02ggrk', 'm.0ncr0fn', 'm.014vk4', 'm.0krz_', 'm.03k_f', 'm.01ssfl', 'm.01v0p7', 'm.01sy3l', 'm.042kg', 'm.023dnx', 'm.02y3t8', 'm.02vj87', 'm.01mvpv', 'm.015rqt', 'm.0266lb', 'm.04758', 'm.04_0m', 'm.01pywr', 'm.023vhj', 'm.0159wm', 'm.0ct18', 'm.01fctj', 'm.02nlj_', 'm.01f6t5', 'm.0pztx', 'm.04ps6c']",SA
What US State with 1005163 as total population does the Missouri river bisect?,"[{'kb_id': ':m.050l8', 'text': 'Montana'}]",kansas,m.0488g,['m.09c7w0'],what is the country of the US State with 1005163 as total population does the Missouri river bisect,"['m.03s0w', 'm.05fky', 'm.04ych', 'm.05fhy', 'm.0488g', 'm.06mz5', 'm.050l8']",FP
What Oceania country is the birthplace of Vicki Buck?,"[{'kb_id': 'm.0ctw_b', 'text': 'New Zealand'}]",cook islands,m.020p1,['m.046vxty'],what is the geolocation of the birthplace of Vicki Buck,"['m.0chgzm', 'm.0ctw_b', 'm.0chghy', 'm.020p1', 'm.062qg', 'm.0mgp', 'm.05br2', 'm.05vd5', 'm.04v6v', 'm.05b2h', 'm.012ts', 'm.07f9q', 'm.034tl', 'm.01b8jj', 'm.07z5n', 'm.05qkp', 'm.082nw']",SA
What is the native language of Jewish people?,"[{'kb_id': ':m.04x7hz', 'text': 'Lishanid Noshan Language'}]",spanish language,m.06nm1,"['m.0v_973z', 'm.012mm8cm', 'm.0jzrkd5', 'm.0zfwxqy', 'm.0100_sgh', 'm.010bf7n1', 'm.011cf5yq', 'm.0w5jv47', 'm.0zs635_', 'm.09vvykz', 'm.0sw3b14', 'm.0100_rlh', 'm.0109tsjl', 'm.02_r9_h', 'm.02wn10k', 'm.03p8p44', 'm.04hyn8b', 'm.05ndtc9', 'm.05nmnzs', 'm.0_kxz72', 'm.0crklw_', 'm.0k3fh8p', 'm.0n0s2x3', 'm.0n412p6', 'm.0svs1p6', 'm.0zbgpbx']",what is the students majoring of the native language of Jewish people,"['m.09c7w0', 'm.0163v', 'm.0jt3tjf', 'm.047lj', 'm.06bnz', 'm.07t21', 'm.0dgw9r', 'm.033qxt', 'm.0d0kn', 'm.013b7g', 'm.013b6_', 'm.018s6c', 'm.09v5nm6', 'm.01w_rp', 'm.02j9z', 'm.05qhw', 'm.0g0y1', 'm.02zsn', 'm.026c43z', 'm.07462wh', 'm.06j2v', 'm.0fqbf', 'm.0y6m0tz', 'm.03v66y', 'm.0920vq', 'm.04f16_z', 'm.05qfpl', 'm.08wzbz', 'm.07g7h2', 'm.0261cn', 'm.01fg76', 'm.04mn6b', 'm.099n91', 'm.06n20', 'm.0g6ff', 'm.03d9rk', 'm.09d06q', 'm.0406hk', 'm.03v09', 'm.03hzt', 'm.06bpx', 'm.0jb8ycw', 'm.01dh1c', 'm.07ytt', 'm.051201', 'm.02qmnw', 'm.06pd1', 'm.08sxh3', 'm.01mjq', 'm.06myp', 'm.05b_hxf', 'm.05f3x0m', 'm.0c_8s', 'm.0xff', 'm.0669rzp', 'm.01zlb5', 'm.0cq5j5', 'm.0sw6g', 'm.0dgt9pr', 'm.0dgt82x', 'm.0dgt9pl', 'm.09l65', 'm.06mkj', 'm.05wjnt', 'm.05wpgsx', 'm.01vvzbb', 'm.0hn7s', 'm.04w4s', 'm.018r4', 'm.03f2_rc', 'm.02tkxd', 'm.0399zl', 'm.01k84w', 'm.0h44w', 'm.02r34n', 'm.0h3wcg_', 'm.07zn47_', 'm.07462st', 'm.07462yx', 'm.05r7t', 'm.09gd86m', 'm.0dzkq', 'm.04f_0f5', 'm.01zlbk', 'm.05mzjcc', 'm.0hzlz', 'm.02kcz', 'm.09tv663', 'm.0d8mv3', 'm.028zldx', 'm.035hm', 'm.05hxy_', 'm.01_9l1', 'm.03rjj', 'm.04gzd', 'm.03cldyp', 'm.0h0yt', 'm.0d7c8', 'm.0ck91', 'm.0579tl', 'm.02z6mm', 'm.0dx_q', 'm.0466nw8', 'm.0gvq4ts', 'm.0b3v4k', 'm.034m8', 'm.0hj8818', 'm.042s_r', 'm.025vbtf', 'm.0162v', 'm.03spz', 'm.02jx1', 'm.05pbx7d']",SA
Who was the illustrator of the book Alcools and influenced Jackson Pollock 's work?,"[{'kb_id': 'm.060_7', 'text': 'Pablo Picasso'}]",pablo picasso,m.060_7,"['m.03q6klm', 'm.03qbccz', 'm.03qqwbt', 'm.03qq_02', 'm.03qqytr', 'g.120xv3kv', 'm.03qqxq6', 'g.11b6gm9v07', 'm.0856qq', 'm.0h3nsnv', 'm.0y4_b3c', 'm.0y4sv11', 'm.03qb3l9', 'm.03qqvsl', 'm.0czqrv', 'm.03qqzvx', 'm.03qr18s', 'm.03qqw5b', 'm.03q66b7', 'm.03qr02c', 'm.03qr168', 'm.03q6nqz', 'm.03q70l6', 'm.03q9yb0', 'm.03qq_gw', 'm.03qqx29', 'm.03qr1v8', 'm.03q9_gr', 'm.03q9z5h', 'm.0bh6_kc', 'm.0gz7vd6', 'g.121y9vv6', 'm.03qqw55', 'm.03qr1rz', 'm.0421l5', 'm.0449zr8', 'm.0y4_9cl', 'm.043zkzc', 'm.0g5tcb8', 'g.122gwp3v', 'm.02hw7cr', 'g.120pgw3p', 'm.0b1rxk', 'm.0cxks_p', 'm.0gfdhtc', 'm.0b9khd', 'm.02prycd', 'g.121qm9yb', 'g.1232jn6q', 'm.03q9_zr', 'm.0288z6c', 'm.02zj5n', 'm.03wmxd3', 'm.0449zrp', 'm.0449zsh', 'm.05f6wml', 'm.05zj4l', 'm.0bwh71z', 'm.0g3vhw', 'm.0g5tbhs', 'm.03q9zqd', 'g.122z_py_', 'm.0c004w1', 'g.11b6r8ylc7', 'm.03qq__8', 'm.03qqzyx', 'g.121cs0h9', 'm.0y4ssmq', 'g.1q54w4r1f', 'm.027wmsm', 'm.03gznj0', 'm.03qb2g3', 'm.0h97nq6', 'm.03q9zlp', 'g.122vxtwd', 'm.0y4ssd_', 'm.03qb9f1', 'm.03qqzbg', 'm.0y4sy8b', 'm.03q6b2w', 'm.03qqwjh', 'g.120lqmwp', 'm.03qr1_r', 'm.047flbv', 'g.121g7p2p', 'g.1239pjrl', 'm.03qb08n', 'g.1219y3pl', 'm.02vyfth', 'm.03qqxj3', 'g.121s4fsh', 'm.03qqx6x', 'm.0wbgw92', 'm.0y4sv77', 'm.0y4_d2g', 'm.03qb0rk', 'm.03qqwz3', 'm.03qr2f2', 'm.03qqvd3', 'g.120vz98m', 'g.122qmg9y', 'm.0y4sxc3', 'm.02w64cj', 'm.0265647', 'm.0gk__xx', 'm.03qr08j', 'm.03q9_pv', 'm.03qr0td', 'g.120vn71q', 'm.0y4st_d', 'm.03qbd4q', 'm.03qq_5c', 'g.121dvttp', 'm.03qqvc0', 'm.03q9_gc', 'm.0y4_bwd', 'm.03qqy9_', 'm.03qqz_5', 'g.121_jbxl', 'm.0b6jj2m', 'g.121kq4ng', 'm.03qr05v', 'g.121lyty4', 'm.0129lksr', 'g.121g7ckf', 'g.122_9hh0', 'm.03qqy7s', 'm.03qr302', 'g.1218d9gb', 'g.122t1m61', 'g.121mknrr', 'g.1211q1k2', 'm.02pry8n', 'm.02wz13l', 'm.03cx3hp', 'm.03q6vsd', 'm.03qb26v', 'm.03qb3wl', 'm.03qb9b0', 'm.03qqxc6', 'm.03qqz9q', 'm.03qqzpk', 'm.03qqzqx', 'm.03qr186', 'm.089k0s', 'm.0bbxt99', 'g.120htkft', 'm.047qy9r', 'm.03qqxm_', 'm.03qr1cg', 'm.03qr1m5', 'm.0wbmwgd', 'm.047lrrn', 'm.0gx1fdr', 'g.1pv199qm', 'm.03qqzqb', 'm.03qqzxt', 'm.03qr2hr', 'g.122w1h5r', 'g.122ysp65', 'g.121p64gg', 'g.12111y6q', 'm.0y4_cxg', 'g.122rvvq4', 'g.121v78r5', 'm.03qqx_6', 'g.120jfd1z', 'g.120ktb98', 'g.120l32vg', 'g.120phr8l', 'g.120pnmrp', 'g.120y84ty', 'g.120yxm7h', 'g.1211prqc', 'g.1211r8w0', 'g.1213hfk3', 'g.1216ff7q', 'g.1218dxnm', 'g.121bwn7v', 'g.121cs0h1', 'g.121d1t7l', 'g.121hg3wb', 'g.121lmrt4', 'g.121n9s6h', 'g.121pw622', 'g.121srb2m', 'g.121tbxcs', 'g.121ybghd', 'g.121z_7yx', 'g.12221v0j', 'g.1222z6b5', 'g.122916nh', 'g.122blzgc', 'g.122cc1t_', 'g.122g8ryd', 'g.122l3fnp', 'g.122m42tw', 'g.122qy7h0', 'g.122tcch_', 'g.122v3syn', 'g.122y542w', 'g.12302jd8', 'g.1236yr3n', 'g.1237_s_9', 'g.1237k5f2', 'm.03q6_54', 'm.03q9_g5', 'm.03qq_6p', 'm.03qqv9q', 'm.03qqwjn', 'm.03qqww3', 'm.03qqx1k', 'm.03qqy08', 'm.03qqyzd', 'm.03qqz8f', 'm.03qqzcx', 'm.043ngnc', 'm.07y13h', 'm.0ds6tp', 'm.0glpc96', 'm.0nfw469', 'm.0t52_mr', 'm.0y4_7cy', 'm.0y4_c67', 'm.0y4sxmv', 'm.0y4sxr6']",what is the artworks of the illustrator of the book Alcools and influenced Jackson Pollock's work,['m.060_7'],NA
"What can be done in the place with the largest venue capacity in Hollywood, California?","[{'kb_id': 'm.02hksn', 'text': 'Dolby Theatre'}]",hollywood sign,m.050ctv,['m.02_s3bc'],"what is the geolocation of the thing can be done in the place with the largest venue capacity in Hollywood, California","['m.04n2h_', 'm.02hksn', 'm.0qjfl', 'm.050ctv', 'm.07_dsf', 'm.05qsy8']",SA
What is the latest film that was released starring Taylor Swift?,"[{'kb_id': 'm.0dx5q8', 'text': 'The Giver'}]",valentine's day,m.06_wqk4,"['m.0y80d82', 'm.0p7gcts', 'm.0p7gfs0', 'm.0p7g2_4', 'm.0p7g6w6', 'm.0772zpg', 'm.0p7gsyh', 'm.0p7grw7', 'm.0p7grzt', 'm.0p7gs8m', 'm.0p7gsfb', 'm.0p7gsh_', 'm.0p7gsml', 'm.0p7gsq9', 'm.0p7gssj', 'm.0p7gst7', 'm.0p7gtf1', 'm.0p7gtjn', 'm.0p7gvd1', 'm.0p7gw7_', 'm.0y7_48f', 'm.0y7_4cl', 'm.0y7_4gg', 'm.0y809ls', 'm.0y809p4', 'm.0y809xv', 'm.0y809zt', 'm.0y80b1n', 'm.0y80b4v', 'm.0y80b66', 'm.0y80b87', 'm.0y80b_6', 'm.0y80bcg', 'm.0y80bfh', 'm.0y80bgy', 'm.0y80bjq', 'm.0y80bpj', 'm.0y80bsb', 'm.0y80btm', 'm.0y80bwq', 'm.0y80c0p', 'm.0y80c33', 'm.0y80c6b', 'm.0y80c_t', 'm.0y80cfg', 'm.0y80clz', 'm.0y80crh', 'm.0y80cvs', 'm.0y80cx4', 'm.0y80cy8', 'm.0y80d1k', 'm.0y80d6m', 'm.0y80d9g', 'm.0p7gk34', 'm.0p7grj7', 'm.0gx8r68', 'm.0772zm7', 'm.0772znv', 'm.0p7gh28', 'm.0p7gql_', 'm.0772zmw', 'm.0p7gk21', 'm.0772zn6', 'm.0y7_49k', 'm.0y80bl2', 'm.0p7gg4x', 'm.0p7gqq_', 'm.0p7gq1p', 'm.0p7gm0y', 'm.0p7grjp', 'm.0p7gdnx', 'm.0p7gf17', 'm.0gcx17z', 'm.0p7gkrd', 'm.0p7g4nl', 'm.0p7gg08', 'm.0p7ggj4', 'm.0p7ghq5', 'm.0772zmq', 'm.0p7g3h6', 'm.0p7gdq5', 'm.0p7g2xp', 'm.0p7g5t3', 'm.0p7gf79', 'm.0772zpy', 'm.0p7gfzm', 'm.0p7g35m', 'm.0p7g3r2', 'm.0p7g347', 'm.0772zmk', 'm.0p7gfmz', 'm.0ncdnjz', 'm.0p7gkdf', 'm.0p7gkh4', 'm.0p7gjd_', 'm.0p7gr16', 'm.0p7gf67', 'm.0p7gf5r', 'm.0p7gmzd', 'm.0p7grmh', 'm.09kkm4k', 'm.0772zp4', 'm.0p7gdz8', 'm.0p7g3dy', 'm.0p7g6f_', 'm.0p7ghhd', 'm.0772zn_', 'm.09kkm44', 'm.0p7gd4v', 'm.0772zp9', 'm.0p7grrn', 'm.0772znj', 'm.0772znc', 'm.0p7g5d4', 'm.0p7gghd', 'm.0p7ghvd', 'm.0p7gkb1', 'm.0p7gg7n', 'm.0h1dqtj', 'm.0p7gc_p', 'm.0p7gm04', 'm.0p7gdz_', 'm.0p7g6s9', 'm.0p7gcyw', 'm.0p7ghwv', 'm.0p7g43d', 'm.0p7gfbc', 'm.0p7gjnm', 'm.0p7gdty', 'm.0p7gn42', 'm.0p7g53v', 'm.07srkv9', 'm.0p7g806', 'm.0p7ggsx', 'm.0p7gjsn', 'm.0p7gf38', 'm.0p7g85d', 'm.0p7gksk', 'm.0p7gqcx', 'm.0p7gly1', 'm.0p7gj3d', 'm.0p7gnxj', 'm.0p7g5dw', 'm.0p7gklc', 'm.0772zps', 'm.0p7grf6', 'm.0ncdmgh', 'm.0p7gpgv', 'm.0p7g632', 'm.0772zmd', 'm.0p7gqb_', 'm.0772zpm', 'm.0p7ggqq']",what is the starring of the latest film that was released starring Taylor Swift,"['m.087wc7n', 'm.0dx5q8', 'm.0djb8hx', 'm.06_wqk4', 'm.02x3lt7']",SA
What David Blocker production was a movie starring Miley Cyrus?,"[{'kb_id': 'm.02x3lt7', 'text': 'Hannah Montana: The Movie'}]",big fish,m.027pfg,"['m.0cq22w6', 'm.0gw5w7n', 'm.04xvlr', 'm.0cq22fy', 'm.0gw5t6s', 'm.02822', 'm.01hmnh', 'm.0gw5m87', 'm.0cq22mw', 'm.0cq22n0']",what is the netflix genres of a movie starring Miley Cyrus,"['m.06fcqw', 'm.027pfg', 'm.0g56xqy', 'm.064qvcw', 'm.05h43ls', 'm.0crsmk2', 'm.080gfc8', 'm.03ck042', 'm.07ykkx5', 'm.0cmddrx', 'm.0bc5ny', 'm.010ls0tb', 'm.02x3lt7']",SA
What are the school colors of the educational institution that includes a grad student named Franklin Ford?,"[{'kb_id': 'm.01jnf1', 'text': 'Crimson'}]",waukegan,m.0sbbq,"['m.0hkqsrk', 'g.11x1d3pc9', 'm.0hkqsst', 'g.11x1k5b17', 'm.0hkqspz', 'm.0hkqst7', 'g.11x1ckbdr', 'm.066gspg', 'm.066gsnj', 'g.11x1ft_vv', 'm.0hkqssc', 'm.066gsnx', 'm.0hkqsqd', 'm.0hkqssl', 'm.066gsp8', 'm.0hkqsq5', 'm.066gsml', 'm.0hkqst0', 'g.11x1h0rnf', 'm.0jtclkp', 'm.0hkqss4', 'g.11x1kg0k9', 'g.11x1gjmrt', 'm.066gsmz', 'm.0hkqsrb', 'g.11x1cn_xk', 'g.11x1lbk03', 'm.0k6pmhk', 'g.11x1mmbpm', 'g.11b66ff3k_', 'g.11x1cpx2f', 'g.11x1cpy06', 'g.11x1d7rk7', 'g.11x1ddry_', 'g.11x1ds88n', 'g.11x1fdj3h', 'g.11x1fhfq3', 'g.11x1j33h0', 'g.11x1jygv0', 'g.11x1k_w6m', 'g.11x1l1ppm', 'g.11x1l91rv', 'g.12vqj8wx4', 'm.066gsmd', 'm.066gsn4', 'm.066gsnq', 'm.066gsp2', 'm.066gspn', 'm.066gspv', 'm.066gsq0', 'm.0hkqsnw', 'm.0hkqsp2', 'm.0hkqsp9', 'm.0hkqspj', 'm.0hkqspr', 'm.0hkqsqm', 'm.0hkqsqv', 'm.0hkqsr3', 'm.0jt015k']",what is the population of the school colors of the educational institution that includes a grad student named Franklin Ford,"['m.09c7w0', 'm.05k7sb']",SA
What happened during ww2 when a lower estimate of 30000 casualties occurred in Dunkirk?,"[{'kb_id': 'm.0jpb7', 'text': 'Battle of Dunkirk'}]",chiang kai-shek,m.01_4z,"['m.0646vnw', 'm.04z35l_', 'm.059t3g7', 'm.04z1l7v', 'm.062yb7j', 'm.0w5q_pc', 'm.07skn34', 'm.04z1lyd', 'm.0fq486h', 'm.0w5pxv5', 'm.04z2x9z', 'm.08cs1c2', 'm.04z35lr', 'm.0bykss2', 'm.04yydpk', 'm.062wmb9', 'm.04yygpm', 'm.04z5s6s', 'm.0gz48ng', 'm.04z35m7', 'm.04z1667', 'm.04z5q23', 'm.06477bx', 'm.0w5plmb', 'm.04z39qd', 'm.04z5x98', 'm.04fvb5d', 'm.02h7nn7', 'm.04z39q4', 'm.04z3bsk', 'm.04yw19m', 'm.0gw2xs_', 'm.04z39qm', 'm.04yv30y', 'm.0w5q_x1', 'm.0byldyj', 'm.0byk8r5', 'm.0w5v4th', 'm.04z39qw', 'm.04y_lpp', 'm.04yzr_d', 'm.0byl581']",what is the military commands of the thing happened during ww2 when a lower estimate of 30000 casualties occurred in Dunkirk,"['m.09bg4l', 'm.07_m9_', 'm.03_lf', 'm.082xp', 'm.028rk', 'm.02yy8', 'm.0c_md_', 'm.0bkp9', 'm.07ssc', 'm.029lm4', 'm.0154j', 'm.027_56', 'm.0177g', 'm.0cm2xh', 'm.0f7fy', 'm.0jpb7', 'm.01zlpn', 'm.0472f', 'm.01lmvf', 'm.01cnfd', 'm.01_4z', 'm.03r086', 'm.015xww', 'm.0dj5q', 'm.040by', 'm.02sm8', 'm.014mww', 'm.01wqc61', 'm.03f5dg', 'm.01zl37', 'm.05qhw', 'm.03_3d', 'm.04xzm', 'm.01d1lc', 'm.02h7npm', 'm.02h7nqf', 'm.064_8sq', 'm.05f3m74', 'm.03gtt', 'm.03rjj', 'm.0cbd2', 'm.0_fp0jk', 'm.02h40lc', 'm.0dg3n1', 'm.0g8f8', 'm.0345h', 'm.043wps7', 'm.0j0k', 'm.04wsz', 'm.043wpsh', 'm.0w5vmcb', 'm.0w5q8n_']",SA
What was the influence for both Jackson Pollock's work and Gregory Bateson?,"[{'kb_id': 'm.0bk5r', 'text': 'Carl Jung'}]",john d. graham,m.0c241_,['m.05zppz'],who is the gender of the influence for both Jackson Pollock's work and Gregory Bateson,"['m.04ysr', 'm.03_7q3', 'm.0g_6k', 'm.01n890', 'm.075vsh', 'm.012d38', 'm.01ty4', 'm.0bqb_']",SA
What was the latest film that Adam Sandler was in?,"[{'kb_id': 'm.010fch95', 'text': 'Paul Blart: Mall Cop 2'}]",jack and jill,m.0ch3qr1,['m.0gw5nxs'],what is the netflix genres of the latest film that Adam Sandler was in,"['m.010rdrd1', 'm.02m7tn', 'm.03qfpk', 'm.01h3y_', 'm.012z_7zt', 'm.047svrl', 'm.02q3pj', 'm.02hwd1n', 'm.02f6g5', 'm.0ch3qr1', 'm.074w86', 'm.02bhsc', 'm.02ylg6', 'm.0gwgn1k', 'm.0mzt5cs', 'm.07kb7vh', 'm.02qdrjx', 'm.05yxmk', 'm.087pfc', 'm.0v_ckgv', 'm.0d0stl', 'm.0crryph', 'm.0bshwmp', 'm.03z20c', 'm.0640m69', 'm.0f2sx4', 'm.0glpgxk', 'm.07hq75', 'm.02ph9tm', 'm.04p7q_', 'm.0zrq8j3', 'm.02tgz4', 'm.023vcd', 'm.0gj96ln', 'm.07ktmd', 'm.02d003', 'm.06j0d5']",SA
What stop motion movie did Ron Howard do a voice in?,"[{'kb_id': 'm.0dqwvw', 'text': 'Osmosis Jones'}]",a beautiful mind,m.09m6kg,['m.02kl65p'],what is the notable types of the thing do a voice in,"['m.0ztmt35', 'm.0x1h6pd', 'm.09m6kg', 'm.0h7wvj', 'm.0crrc8', 'm.0cg63ml', 'm.0408s9z', 'm.03qkshb', 'm.0gz5fd4', 'm.02mh4b', 'm.02yf34', 'm.01vd7y', 'm.08nv4q', 'm.02h40lc', 'm.0gxdf11', 'm.02vqsll', 'm.0gz5drw', 'm.011yd2', 'm.0dgkzwj', 'm.09gn44r', 'm.05zp576', 'm.050gkf', 'm.02_1sj', 'm.04xvlr', 'm.0crjcw1', 'm.06rqp_', 'm.03xx0x', 'm.02hrh1q', 'm.047nfz', 'm.065dc4', 'm.069ym_', 'm.03kbb8', 'm.0gz5dq9', 'm.0b_v1cq', 'm.0gz5dq_', 'm.0gz5fcw', 'm.05y48m', 'm.09dv9n4', 'm.0c3_662', 'm.0gz5drf']",SA
Who is the prime minister where the Kwama language is spoken?,"[{'kb_id': 'm.0dl1t3', 'text': 'Hailemariam Desalegn'}]",east africa,m.01mqb6,"['m.088lwc', 'm.04v6z_', 'm.04wj4p4', 'm.04t2vs8', 'm.08fznh', 'm.0265qp9', 'm.049yjdq', 'm.01n2g0', 'm.04w6y3t', 'm.04w6g5s', 'm.04w6y2t', 'm.04w6_36', 'm.04w6y51', 'm.04t0nyz', 'm.04q73m0', 'm.04w3zk2', 'm.04w4qkp', 'm.04w50nd', 'm.04w7m3h', 'm.04wbl89', 'm.04wddv4', 'm.05yxh46', 'm.04w2267']",what is the works of the prime minister where the Kwama language is spoken,['m.02_mbk'],SA
"What super bowls were won by the Giants prior to February 5, 2012?","[{'kb_id': 'm.04myq1', 'text': 'Super Bowl XXI'}, {'kb_id': 'm.076v7', 'text': 'Super Bowl XXV'}, {'kb_id': 'm.076sw', 'text': 'Super Bowl XLII'}]",super bowl xlii,m.04myq1,['m.080ls4'],"what is the locations of the super bowls were won by the Giants prior to February 5, 2012","['m.04myq1', 'm.043t_rh', 'm.076v7', 'm.076sw', 'm.0_gv20x', 'm.0j34j42', 'm.0_gv23p']",NA
What Ron Howard film was released first?,"[{'kb_id': 'm.09gf7yk', 'text': 'The Journey'}]",dr. seuss' how the grinch stole christmas,m.0crrc8,['m.0bm6bcr'],the Ron Howard film was released first is film set decoration by who,"['m.02mh4b', 'm.09m6kg', 'm.0crrc8', 'm.02yf34', 'm.01hw5kk', 'm.0dgkzwj', 'm.01vd7y', 'm.06xz7w', 'm.0crjcw1', 'm.06rqp_', 'm.0gxdf11', 'm.0134tnr7', 'm.03r58n', 'm.01xvjb', 'm.02rylzd', 'm.0crwz48', 'm.06zsyy6', 'm.02t9_q', 'm.05y48m', 'm.079h70']",SA
What Ron Howard film was released first?,"[{'kb_id': 'm.09gf7yk', 'text': 'The Journey'}]",the missing,m.04ynx7,"['m.0gsghz', 'm.02h40lc', 'm.06nm1', 'm.029n5q']",what is the language of the Ron Howard film was released first,"['m.09m6kg', 'm.0crrc8', 'm.02mh4b', 'm.02yf34', 'm.09hfyy', 'm.034bm_', 'm.02_1sj', 'm.047nfz', 'm.04ynx7', 'm.050gkf', 'm.0dgkzwj', 'm.01hw5kk', 'm.0f4_2k', 'm.011yd2', 'm.01vd7y', 'm.02vqsll', 'm.0gxdf11', 'm.02v5nx', 'm.065dc4', 'm.03xx0x', 'm.0crjcw1', 'm.06rqp_', 'm.02rylzd', 'm.06zsyy6', 'm.0crwz48', 'm.0xnx1p3', 'm.06xz7w', 'm.0cc5m07', 'm.079h70', 'm.0hv8w', 'm.02t9_q', 'm.0134tnr7', 'm.04d_tqm', 'm.05y48m']",SA
What Charlie Hunnam films were released prior to 1 January 2004?,"[{'kb_id': 'm.02cbhg', 'text': 'Abandon'}, {'kb_id': 'm.04y5gz', 'text': 'Cold Mountain'}, {'kb_id': 'm.02z0nhq', 'text': 'Nicholas Nickleby'}, {'kb_id': 'm.0bk88p', 'text': 'Whatever Happened to Harold Smith?'}]",frankie go boom,m.0gyffmd,"['m.0wh3pn8', 'm.0h4tvlm', 'm.0h4tvq6', 'm.0zbgx2_', 'm.0h4tvnq', 'm.0h4tvl7', 'm.0zbgw9x', 'm.0zbgw_x', 'm.0zbgwk9', 'm.0h4tvpv', 'm.0zbgwp1', 'm.0kdstvp', 'm.0h4tvmt', 'm.0h4tvpg', 'm.0h0ydlf', 'm.0zbgx1y', 'm.0h4tvn5', 'm.0h4tvp2', 'm.0gyffm9', 'm.0h4tvnb', 'm.0h4tvmd']",what is the starring of the Charlie Hunnam films were released prior to 1 January 2004,"['m.02z0nhq', 'm.0fh2v5', 'm.02cbhg', 'm.04y5gz', 'm.079s_7', 'm.0gx0plf', 'm.0g55y4p', 'm.0h0yd81', 'm.0gyffmd', 'm.0zn1hg0', 'm.0bk88p', 'g.11b6gq6dl2']",SA
What is the political system in the place that contains an airport that serves Duisburg?,"[{'kb_id': 'm.0c9rw5', 'text': 'Constitutional republic'}, {'kb_id': 'm.0drnm', 'text': 'Representative democracy'}, {'kb_id': 'm.0glnsx', 'text': 'Parliamentary republic'}, {'kb_id': 'm.0j729', 'text': 'Federal republic'}]",strategic bombing during world war ii,m.036fl5,"['m.01qdqg', 'm.0193qj', 'm.01cgdq', 'm.03rjj', 'm.059z0', 'm.05qhw', 'm.05vz3zq', 'm.06f32', 'm.0chghy', 'm.0d060g', 'm.0f8l9c', 'm.03l5m1', 'm.03c7d5', 'm.01rdm0', 'm.01d7q8', 'm.0hj5l', 'm.03hy3', 'm.017hw4', 'm.0b58j2', 'm.01ykjv', 'm.0b3b56', 'm.028ckg']",who is the entity involved of the political system in the place that contains an airport that serves Duisburg,"['m.0846fq', 'm.0345h', 'm.0268c8m', 'm.01brqf', 'm.01xpkvj', 'm.017gry', 'm.018hqt', 'm.026f4jb', 'm.05yxvrp', 'm.02gtnyn']",SA
What are the movies that Adam Sandler played in that also involves organization toonexplainers?,"[{'kb_id': 'm.010rdrd1', 'text': 'Pixels'}, {'kb_id': 'm.02m7tn', 'text': 'Eight Crazy Nights'}]",just go with it,m.0bshwmp,['m.06rq1k'],what is the production companies of the movies that Adam Sandler played in that also involves organization toonexplainers,"['m.02m7tn', 'm.010rdrd1']",SA
"What is the modern language at the location, in which the newspaper, Akhbar el-Yom, is circulated?","[{'kb_id': 'm.025rvv7', 'text': 'Modern Standard Arabic'}]",sa'idi arabic,m.02hxbhg,['m.0hfp'],"what is the language family of the modern language at the location, in which the newspaper, Akhbar el - Yom, is circulated","['m.025rvv7', 'm.0jzc', 'm.02hxbhg', 'm.051bnt', 'm.0c4chg', 'm.012zfy', 'm.03wc2kf', 'm.035t_3', 'm.02hx2cr']",SA
What happened in Dunkirk during WWII that ended on 05/08/1945?,"[{'kb_id': ':m.0wjk75w', 'text': 'Unbroken'}]",battle of the dunes,m.014mww,"['m.01lkky', 'm.01cjc4', 'm.0210n', 'm.01cjhj', 'm.03bdz3', 'm.0d9nm6']",who is the entity involved of the thing happened in Dunkirk during WWII that ended on 05/08/1945,"['m.02yy8', 'm.082xp', 'm.09bg4l']",SA
What was the magazine with a 1839 editorial tnure that Edgar Allan Poe worked for?,"[{'kb_id': 'm.028b1d9', 'text': ""Burton's Gentleman's Magazine""}]",an evening of edgar allan poe,m.061_jx,['m.073kgs'],the magazine with a 1839 editorial tnure that Edgar Allan Poe worked for was directed by who,"['m.0g8rj', 'm.07x4c']",SA
The artist that created the art series of Water Lilies was inspired by what?,"[{'kb_id': 'm.016s03', 'text': 'Eug¨¨ne Delacroix'}, {'kb_id': 'm.01dqt1', 'text': 'Gustave Courbet'}, {'kb_id': 'm.0233w', 'text': 'Camille Pissarro'}, {'kb_id': 'm.03fw00', 'text': 'Eug¨¨ne Boudin'}, {'kb_id': 'm.06466', 'text': 'Pierre-Auguste Renoir'}, {'kb_id': 'm.074ck', 'text': 'St¨¦phane Mallarm¨¦'}, {'kb_id': 'm.0kzxl', 'text': 'Charles-Fran?ois Daubigny'}]",eug¨¨ne delacroix,m.016s03,"['m.0c19_zn', 'm.0c19__s', 'm.0c19__6', 'm.0c19_zy', 'm.0c19_xg', 'm.0c19_xr', 'm.0c19_y0', 'm.0c19_y9', 'm.0c19_zc', 'm.0c19_z3', 'm.0c1b001', 'm.0c19_wx', 'm.0c19_yl', 'm.0c19__h', 'm.0c19_x5', 'm.0c19_yw', 'm.0c1b00b']",the artist that created the art series of Water Lilies was The artist that created the art series of Water Lilies was is connections from what,"['m.03xj1', 'm.015r61', 'm.05qtj']",NA
What was the latest film that Taylor Lautner played in?,"[{'kb_id': 'm.0mzt5cs', 'text': 'Grown Ups 2'}]",the ridiculous six,m.012z_7zt,['m.09c7w0'],what is the country of the latest film that Taylor Lautner played in,"['m.02686wj', 'm.07cdy_t', 'm.0cmdl80', 'm.0mzt5cs', 'm.06_wqk4', 'm.075wx89', 'm.03nm_fh', 'm.05pdh86', 'm.0gx8qcw', 'm.06zs80t', 'm.066b_n', 'm.0g_w5hs', 'm.0ngj__s', 'm.06crgb', 'm.075wx7_', 'm.0djz0rc']",SA
What is there to do in Hollywood this coming weekend that is also the recording location for the tv show The A-Team?,"[{'kb_id': 'm.05qsy8', 'text': 'Universal Studios Hollywood'}]",hollywood sign,m.050ctv,['m.033h1f'],who is the famous ghosts of the is there to do in Hollywood this coming weekend that is also the recording location for the tv show The A - Team,"['m.05qsy8', 'm.030qb3t']",FP
What movies with a netflix_id over 60024930 is Adam Sandler in?,"[{'kb_id': 'm.087pfc', 'text': 'Jack and Jill'}, {'kb_id': 'm.07kb7vh', 'text': 'Dickie Roberts: Former Child Star'}, {'kb_id': 'm.074w86', 'text': 'Deuce Bigalow: European Gigolo'}, {'kb_id': 'm.0ch3qr1', 'text': 'Paul Blart: Mall Cop'}, {'kb_id': 'm.0f2sx4', 'text': 'Bedtime Stories'}, {'kb_id': 'm.0b6f8pf', 'text': 'Zookeeper'}, {'kb_id': 'm.0408m53', 'text': 'Bucky Larson: Born to Be a Star'}, {'kb_id': 'm.03why2r', 'text': 'Click'}, {'kb_id': 'm.07zsmk', 'text': 'Grown Ups'}, {'kb_id': 'm.02ph9tm', 'text': 'The Benchwarmers'}, {'kb_id': 'm.02qdrjx', 'text': 'Just Go With It'}, {'kb_id': 'm.0bshwmp', 'text': 'The House Bunny'}, {'kb_id': 'm.0640m69', 'text': ""You Don't Mess with the Zohan""}, {'kb_id': 'm.07x6zk', 'text': 'I Now Pronounce You Chuck and Larry'}]",blended,m.0v_ckgv,['m.0wpf92t'],the thing movies with a netflix_id over 60024930 is Adam Sandler in is film art direction by who,"['m.010rdrd1', 'm.02m7tn', 'm.0ch3qr1', 'm.02bhsc', 'm.03qfpk', 'm.02f6g5', 'm.01h3y_', 'm.02q3pj', 'm.012z_7zt', 'm.0mzt5cs', 'm.087pfc', 'm.047svrl', 'm.0640m69', 'm.074w86', 'm.02hwd1n', 'm.03z20c', 'm.0gwgn1k', 'm.0bshwmp', 'm.07kb7vh', 'm.02qdrjx', 'm.0f2sx4', 'm.02ylg6', 'm.02ph9tm', 'm.0v_ckgv', 'm.05yxmk', 'm.02tgz4', 'm.095z4q', 'm.0d0stl', 'm.01x_hw', 'm.0crryph', 'm.02hxhz', 'm.07hq75', 'm.023vcd']",FP
For what is the area where the newspaper Creative Loafing circulates famous?,"[{'kb_id': 'm.0jhn7', 'text': '1996 Summer Olympics'}]",peachtree road race,m.030pkm,['m.013yq'],what is the near travel destination of the area where the newspaper Creative Loafing circulates famous,"['m.0j28sdt', 'm.03l1zc', 'm.0fpmfg', 'm.06bxs4', 'm.04htb5', 'm.04jny9', 'm.027r6hr', 'm.029fnx', 'm.050n0y', 'm.04_mbv', 'm.0130ft', 'm.030pkm', 'm.0b5g4p', 'm.02xmrp', 'm.03xrf5', 'm.0gln9p', 'm.03wm34', 'm.0c3cp2', 'm.04d135', 'm.050mtz', 'm.03sm22', 'm.027t71h', 'm.05c25f2', 'm.04qrhq', 'm.02jnft', 'm.050my1', 'm.03spbl', 'm.050m_5', 'm.033h7k', 'm.03q1hw', 'm.038gvs', 'm.020fp1', 'm.03cspcp']",SA
"What building in Vienna, Austria has 50 floors?","[{'kb_id': 'm.0b0lgr', 'text': 'Millennium Tower'}]","karlskirche, vienna",m.04lv9z,"['m.03y57t', 'm.026kj9z']","who is the architect of the building in Vienna, Austria has 50 floors","['m.03mp37', 'm.0h7x', 'm.0h0xpzx', 'm.0ph4fzw']",SA
Who exactly is the artist nominated for awards for "Christmas (2011)"?,"[{'kb_id': 'm.02hrh1q', 'text': 'Actor'}, {'kb_id': 'm.09l65', 'text': 'Singer'}, {'kb_id': 'm.0nbcg', 'text': 'Songwriter'}]",michael bubl¨¦ meets madison square garden,m.05z_gs2,['m.02xkkq'],who is the artist of the exactly is the artist nominated for awards for " Christmas (2011) ","['m.0nbcg', 'm.02hrh1q', 'm.09l65']",SA
What is the last movie recorded by Faster Kill Pussycat (club mix)?,"[{'kb_id': ':m.0cr3d', 'text': 'Brooklyn'}]",musician,m.09jwl,"['m.0nbxthd', 'm.04_k51t', 'm.052nz5x', 'm.0b9t5vz', 'm.014t8y', 'm.025sd_y', 'm.016z4k', 'm.01c72t', 'm.01c8w0', 'm.039v1', 'm.09l65', 'm.09lbv', 'm.0gbbt', 'm.0nbcg', 'm.01b30l', 'm.05vyk', 'm.0hpcdn2', 'm.024rt0', 'm.0fq0t_c', 'm.012vv0', 'm.05b2my4', 'm.03lgtv', 'm.04f2zj', 'm.012vtp', 'm.02p1_x_', 'm.012vt9', 'm.02h66dr', 'm.02h66l4', 'm.0fnpj', 'm.02743k0', 'm.04_mqc9', 'm.0j2bsxl', 'm.025__xf', 'm.025s3v8', 'm.0gfnm0q', 'g.1233lk8r', 'm.02h66dz', 'm.04_k4ht', 'm.0yx55dr', 'm.03qsdy1', 'm.0f96h', 'm.03qsdl8', 'm.0fnqb', 'm.0305vf', 'm.0j5dhj1', 'm.0w7pmr4', 'm.02h6nzg', 'm.03qsddn', 'm.0ghr_m4', 'm.03x_3wr', 'm.02h66jc', 'm.03qsdcq', 'm.0n663yw', 'm.0g8njk7', 'm.02h6nxr', 'm.0k3djx1', 'm.01663r', 'm.02f0_d', 'm.03qsdmc', 'm.03qsd2z', 'm.01cmdm', 'm.01zsnvx', 'm.026hd32', 'm.0cr07yk', 'm.02h66hs', 'm.0ggk9_2', 'm.09wdlw0', 'm.03qsd75', 'm.0lyysb2', 'm.03wg101', 'm.02h66jv']",who is the specializations of the last movie recorded by Faster Kill Pussycat (club mix),"['m.02q7n0v', 'm.0lcdk', 'm.0dq9p', 'm.016nvh', 'm.0290ngj']",SA
What tv show episode runs for 30 minutes and features Tamera Mowry?,"[{'kb_id': ':m.08l81_', 'text': 'The Look for Less'}]",the adventures of hyperman,m.08lsjw,['m.09c7w0'],what is the country of origin of the tv show episode runs for 30 minutes and features Tamera Mowry,"['m.02rr9jc', 'm.0706t_', 'm.08lsjw', 'm.05h2jn_', 'm.08l81_']",SA
"What was the name of Adolf Hitler's parent who died on January 3, 1903?","[{'kb_id': 'm.02p0d7', 'text': 'Alois Hitler'}]",klara hitler,m.0321wy,['m.02z7q_'],"who is the profession of the name of Adolf Hitler's parent who died on January 3, 1903","['m.02p0d7', 'm.02n7m', 'm.0321wy']",FP
What are the names of the Walt Disney kids who died in Santa Monica?,"[{'kb_id': 'm.07kyh5', 'text': 'Sharon Mae Disney'}]",irving g. thalberg memorial award,m.0c917,"['m.0_hbt1g', 'm.0q23mj9', 'm.0_mw650', 'm.0_l_h6_', 'm.0_l_lg7', 'm.02sccy3', 'm.0_h9b77', 'm.0_hg1k4', 'm.0_kvqtl', 'm.0_l_0d7', 'm.0_l_1ql', 'm.0_lwxcp', 'm.0gvz0bk', 'm.0gz4l1n', 'm.0n9yww7', 'm.0w17cjn', 'm.0w20889', 'm.0w5srd7']",what is the winners of the names of the Walt Disney kids who died in Santa Monica,"['m.015yg9', 'm.0gy738g', 'm.0gy7442', 'm.03hfstp', 'm.0k5mc', 'm.015xg2']",FP
For what is the area where the newspaper Creative Loafing circulates famous?,"[{'kb_id': 'm.0jhn7', 'text': '1996 Summer Olympics'}]",woodruff arts center,m.050m_5,['m.013yq'],what is the near travel destination of the area where the newspaper Creative Loafing circulates famous,"['m.0j28sdt', 'm.03l1zc', 'm.0fpmfg', 'm.06bxs4', 'm.04htb5', 'm.04jny9', 'm.027r6hr', 'm.029fnx', 'm.050n0y', 'm.04_mbv', 'm.0130ft', 'm.030pkm', 'm.0b5g4p', 'm.02xmrp', 'm.03xrf5', 'm.0gln9p', 'm.03wm34', 'm.0c3cp2', 'm.04d135', 'm.050mtz', 'm.03sm22', 'm.027t71h', 'm.05c25f2', 'm.04qrhq', 'm.02jnft', 'm.050my1', 'm.03spbl', 'm.050m_5', 'm.033h7k', 'm.03q1hw', 'm.038gvs', 'm.020fp1', 'm.03cspcp']",SA
What is the modern language in the place where Adly Mansour is in a post in the government?,"[{'kb_id': ':m.025rvv7', 'text': 'Modern Standard Arabic'}]",acting prime minister,m.04043ys,"['m.010g618m', 'm.010g65xt', 'm.010gfnjv', 'm.010gfnkt', 'm.010b2fp1', 'm.010g63c_', 'm.0w4vnr0', 'm.010g6wxb', 'm.010gg9c9', 'm.0_sl34m', 'm.010g45bv', 'm.010g4682', 'm.010g47p7', 'm.011b_smm', 'm.0n7wsbx', 'm.0n7wsc5', 'm.0vsc3f7', 'm.010gfgvk', 'm.0_g0wpm', 'm.0j783ms', 'm.010gfmqn', 'm.010qz2n_', 'm.010g495k', 'm.010gfgl6', 'm.010gh3dr', 'm.010gh6qc', 'm.010fzs66', 'm.010fzsg8', 'm.010fzsjp', 'm.010h2brc', 'm.0_g7dln', 'm.010gjd94', 'm.0_rs8f8', 'm.0l0j4x3', 'm.0n_9rdt', 'm.010g5s6n', 'm.0_f047y', 'm.010fzt81', 'm.010g44y9', 'm.010g6vwd', 'm.010g5_d1', 'm.010g70ft', 'm.010g6wcq', 'm.010gfgjc', 'm.0rypygv', 'm.010ggs6h', 'm.010ggsgf', 'm.010ggsz0', 'm.010ggt3n', 'm.010ggtbl', 'm.010ghfl5', 'm.0110fs45', 'm.0l1j52_', 'm.010gfmq5', 'm.0j5plfg', 'm.0t_5dcw', 'm.010gfnzj', 'm.010ggd_5', 'm.010ggdpj', 'm.010ggf5j', 'm.010gk3l9', 'm.010gk3w5', 'm.010hsr75', 'm.0_xlf87', 'm.0h8b6z2', 'm.010g48pm', 'm.010g67tv', 'm.0_xy6kt', 'm.0103kh2l', 'm.0lr41t6', 'm.0lr66kl', 'm.0lyz_7w', 'm.010gt7g5', 'm.010g5vxw', 'm.010gg9b6', 'm.010gfhjx', 'm.0j6qm9r', 'm.010qywpm', 'm.010gfn8l', 'm.010g44wx', 'm.010gg3vm', 'm.011cs6y5', 'm.010r2lrp', 'm.0rgyc2d', 'm.010wrc7n', 'm.0r9hb4g', 'm.0rfyr_c', 'm.010gflxd', 'm.010gfkrd', 'm.010gfww6', 'm.0kjyw3c', 'm.010gjpkr', 'm.0cqgj6q', 'm.010gj9mg', 'm.010gg9lp', 'm.010ggbks', 'm.010phvv4', 'm.0gj2yhs', 'm.010gfgz0', 'm.010gfp0g', 'm.010g62v5', 'm.010gh4sg', 'm.010g435y', 'm.010hsr6m', 'm.010gffbz', 'm.010gffnr', 'm.010gffxb', 'm.010gfh__', 'm.010g78wb', 'm.010g44fj', 'm.010fpx0j', 'm.010g4dwm', 'm.010g4h86', 'm.0vsc6pz', 'm.010fzwjj', 'm.010gh487', 'm.010gh4kv', 'm.0jnbmrw', 'm.010gfdzk', 'm.010gfjxp', 'm.010g46l9', 'm.010g4fwg', 'm.010gh4m_', 'm.0jvghds', 'm.010fzrkx', 'm.010fzvzl', 'm.010g4580', 'm.010gfgqt', 'm.010g5tvp', 'm.010g5rxs', 'm.0gj2ykl']",what is the officeholders of the modern language in the place where Adly Mansour is in a post in the government,"['m.01zdtb', 'm.0wd4m1d', 'm.027k20y', 'm.019pjh', 'm.0vb3gww', 'm.01r973', 'm.0svw0', 'm.06m65h', 'm.05j7yn', 'm.0rfc2bm']",SA
What happened during WWII with the smallest force size in Dunkirk?,"[{'kb_id': 'm.0jpb7', 'text': 'Battle of Dunkirk'}]",y¨­hei k¨­no,m.03f5dg,['m.05zppz'],who is the gender of the thing happened during WWII with the smallest force size in Dunkirk,"['m.02yy8', 'm.09bg4l', 'm.082xp']",SA
What animated type movies did Adam Sandler star in?,"[{'kb_id': 'm.010rdrd1', 'text': 'Pixels'}, {'kb_id': 'm.02m7tn', 'text': 'Eight Crazy Nights'}]",the longest yard,m.095z4q,"['m.0gs8gx', 'm.0pz91', 'm.06rq2l', 'm.0jxsqw', 'm.0jtkz9', 'm.0k613p', 'm.0k77bb', 'm.05bdqt']",the animated type movies Adam Sandler star in is executive produced by who,"['m.010rdrd1', 'm.02m7tn', 'm.0ch3qr1', 'm.0640m69', 'm.0mzt5cs', 'm.087pfc', 'm.03z20c', 'm.0gwgn1k', 'm.02bhsc', 'm.03qfpk']",SA
"In the country where the Saek language is spoken, what languages were also spoken?","[{'kb_id': 'm.011ln5', 'text': 'Lao Language'}, {'kb_id': 'm.01lqm', 'text': 'Khmer language'}, {'kb_id': 'm.02hwgbx', 'text': 'Akha Language'}, {'kb_id': 'm.02hx03r', 'text': 'Mlabri Language'}, {'kb_id': 'm.04lx1w', 'text': 'Hmong language'}, {'kb_id': 'm.052px1', 'text': 'Saek language'}, {'kb_id': 'm.072f4m', 'text': 'Malay, Pattani Language'}, {'kb_id': 'm.07zrf', 'text': 'Vietnamese Language'}, {'kb_id': 'm.08h4f2', 'text': 'Nyaw Language'}, {'kb_id': 'm.08h4l8', 'text': 'Phu Thai language'}, {'kb_id': 'm.0bskhb', 'text': 'Cham language'}, {'kb_id': 'm.0bxn4', 'text': 'Mon Language'}, {'kb_id': 'm.0c_v2', 'text': 'Thai Language'}]",thai language,m.0c_v2,['m.07f1x'],"the the country where the Saek language is spoken, what languages were also spoken is countries spoken in what","['m.0c_v2', 'm.011ln5', 'm.01lqm', 'm.07zrf', 'm.0bskhb', 'm.04lx1w', 'm.0bxn4', 'm.072f4m', 'm.02hwgbx', 'm.02hx03r', 'm.08h4l8', 'm.08h4f2']",FP
"What super bowls were won by the Giants prior to February 5, 2012?","[{'kb_id': 'm.04myq1', 'text': 'Super Bowl XXI'}, {'kb_id': 'm.076v7', 'text': 'Super Bowl XXV'}, {'kb_id': 'm.076sw', 'text': 'Super Bowl XLII'}]",2001 nfc championship game,m.0_gv23p,['m.051q5'],"the super bowls were won by the Giants prior to February 5, 2012 is runner up what","['m.04myq1', 'm.043t_rh', 'm.0j34j42', 'm.076v7', 'm.076sw', 'm.0_gv20x', 'm.0_gv23p']",FP
"What can be seen and done in the Vienna, Austria venue with a capacity of 4900?","[{'kb_id': 'm.05ksgz', 'text': 'Hofburg Palace'}]","capuchin church, vienna",m.098gjd,['g.125ffv41g'],"the thing can be seen and done in the Vienna, Austria venue with a capacity of 4900 is notable for what","['m.021c8v', 'm.05ksgz', 'm.015_kq', 'm.04lv9z', 'm.0bygq4', 'm.04zct1', 'm.02q__dl', 'm.071ygm', 'm.098gjd']",SA
"What is there to do or see in Vienna, Austria with a venue capacity larger than 2100?","[{'kb_id': 'm.05ksgz', 'text': 'Hofburg Palace'}]",mumok,m.02q__dl,['m.01y2hbz'],"what is the notable types of the is there to do or see in Vienna, Austria with a venue capacity larger than 2100","['m.021c8v', 'm.015_kq', 'm.05ksgz', 'm.0bygq4', 'm.04zct1', 'm.04lv9z', 'm.02q__dl', 'm.071ygm', 'm.0b0lgr', 'm.098gjd', 'm.0c1v9t']",FP
Who dated the award nominee for " A Love Song for Bobby Long?"?,"[{'kb_id': 'm.01g0jn', 'text': 'nm1157013'}, {'kb_id': 'm.01kgv4', 'text': 'Josh Hartnett'}, {'kb_id': 'm.028r4y', 'text': 'Topher Grace'}, {'kb_id': 'm.02fybl', 'text': 'Jared Leto'}, {'kb_id': 'm.036hf4', 'text': 'Ryan Reynolds'}, {'kb_id': 'm.055zkh', 'text': 'Patrick Wilson'}, {'kb_id': 'm.0j1yf', 'text': 'Justin Timberlake'}]",get carter,m.05nyqk,['m.0kprd8'],what is the rating of the person dated the award nominee for " A Love Song for Bobby Long? ","['m.04ly1', 'm.0gc_bpx', 'm.01d_h8', 'm.02114t', 'm.02hrh1q']",SA
What shows feature Tamera Mowry and have only one season?,"[{'kb_id': 'm.02rr9jc', 'text': 'Detention'}, {'kb_id': 'm.05h2jn_', 'text': 'Roommates'}, {'kb_id': 'm.08lsjw', 'text': 'The Adventures of Hyperman'}]","sister, sister",m.0706t_,['m.02h40lc'],what is the languages of the thing feature Tamera Mowry and have only one season,"['m.0h2b2lm', 'm.0h2b2ld', 'm.05n5lqz', 'm.0dg9y03', 'm.0fjtx7', 'm.0h2b2l5']",SA
What is the native language of Jewish people?,"[{'kb_id': ':m.04x7hz', 'text': 'Lishanid Noshan Language'}]",judeo-aramaic languages,m.057k1c,['g.1255l14cv'],the native language of Jewish people is notable for what,"['m.03spz', 'm.06b_j', 'm.03hkp', 'm.06nm1', 'm.0880p', 'm.04p7x', 'm.064_8sq', 'm.05k_d6', 'm.02hx72b', 'm.05pfcj', 'm.057k1c', 'm.039d68', 'm.09c7w0', 'm.05p1ky', 'm.0394p3', 'm.04zxk0', 'm.04x6fd', 'm.05mcpc', 'm.033r5w', 'm.03wxv4', 'm.04x5zg', 'm.04x7hz', 'm.05m7l7', 'm.033qhv', 'm.02h40lc', 'm.033qxt', 'm.013b7g', 'm.0669rls', 'm.06mkj', 'm.06bnz']",SA
Who was the cinematographer in a movie directed by Angelina Jolie?,"[{'kb_id': 'm.011q46b6', 'text': 'By the Sea'}, {'kb_id': 'm.0gttw8n', 'text': 'In the Land of Blood and Honey'}]",by the sea,m.011q46b6,['m.012f2jk7'],what is the distributors of the cinematographer in a movie directed by Angelina Jolie,"['m.0gttw8n', 'm.011q46b6', 'm.0k0tq97', 'm.0wjk75w', 'm.098sms', 'm.0f8t7l', 'm.031zk3', 'm.0ngxp8g', 'm.031tc2', 'm.0pcvgng']",NA
What Adam Sandler movie was released on 2003-09-03?,"[{'kb_id': 'm.07x6zk', 'text': 'Dickie Roberts: Former Child Star'}]",blended,m.0v_ckgv,"['m.02wkyyh', 'm.0tlg_zp']",the Adam Sandler movie was released on 2003 - 09 - 03 is written by who,"['m.0ch3qr1', 'm.02m7tn', 'm.0640m69', 'm.0mzt5cs', 'm.010rdrd1', 'm.023vcd', 'm.03z20c']",SA
"What is the Pine Hills neighborhood in Atlanta, Georgia famous for?","[{'kb_id': 'm.0jhn7', 'text': '1996 Summer Olympics'}]",30380,m.01_2j6s,['m.09c7w0'],"what is the country of the Pine Hills neighborhood in Atlanta, Georgia famous for",['m.013yq'],SA
Which schools did the president who spoke about the Berlin Wall attend?,"[{'kb_id': 'm.01mpwj', 'text': 'Harvard College'}, {'kb_id': 'm.02bb47', 'text': 'Stanford Graduate School of Business'}, {'kb_id': 'm.02hdpx', 'text': 'Choate Rosemary Hall'}, {'kb_id': 'm.03ksy', 'text': 'Harvard University'}, {'kb_id': 'm.03qs17', 'text': 'Noble and Greenough School'}, {'kb_id': 'm.05yk0g', 'text': 'Canterbury School'}, {'kb_id': 'm.05zl0', 'text': 'Princeton University'}, {'kb_id': 'm.08kml_', 'text': 'Riverdale Country School'}, {'kb_id': 'm.0b7824', 'text': 'Dexter School'}, {'kb_id': 'm.0ccg42', 'text': 'Edward Devotion School'}]",brandenburg,m.017wh,['m.02_1z1h'],what is the notable types of the schools did the president who spoke about the Berlin Wall attend,"['m.0cksc_', 'm.049dzz', 'm.02qgcr1', 'm.09glnr', 'm.043rr4p', 'm.05x4lq', 'm.0ck5qdb', 'm.09j9gdc', 'm.09j5p40', 'm.0264v8r', 'm.0345h', 'm.01nxvl', 'm.01nxmp']",SA
Who serves as Prime Minister of the country where Harar Beer is made?,"[{'kb_id': 'm.0dl1t3', 'text': 'Hailemariam Desalegn'}]",haile selassie,m.0bky0,['m.0fj9f'],who is the profession of the person serves as Prime Minister of the country where Harar Beer is made,"['m.02_mbk', 'm.0bky0']",SA
What are the names of the countries that border the location of the First Valls Government legislative session?,"[{'kb_id': 'm.0154j', 'text': 'Belgium'}, {'kb_id': 'm.0345h', 'text': 'Germany'}, {'kb_id': 'm.03rjj', 'text': 'Italy'}, {'kb_id': 'm.04g61', 'text': 'Luxembourg'}, {'kb_id': 'm.04w58', 'text': 'Monaco'}, {'kb_id': 'm.06mkj', 'text': 'Spain'}, {'kb_id': 'm.06mzp', 'text': 'Switzerland'}, {'kb_id': 'm.07ssc', 'text': 'United Kingdom'}, {'kb_id': 'm.0hg5', 'text': 'Andorra'}]",country,m.01lff,"['m.044m87f', 'm.04y2fmb']",what is the image of the names of the countries that border the location of the First Valls Government legislative session,"['m.0f8l9c', 'm.01lff']",FP
Who had a concert named Crazy Love Tour?,"[{'kb_id': 'm.02hrh1q', 'text': 'Actor'}, {'kb_id': 'm.09l65', 'text': 'Singer'}, {'kb_id': 'm.0nbcg', 'text': 'Songwriter'}]",lewis bubl¨¦,m.0h3b3q6,"['m.02xkkq', 'm.0gcy_j7', 'm.0h3b3rz']",who is the children of the person had a concert named Crazy Love Tour,['m.0wsclhy'],SA
What 106.0 minute long movie did Taylor Lautner appear in?,"[{'kb_id': 'm.0cmdl80', 'text': 'Abduction'}]",run the tide,m.011q0_7k,"['m.012zjyw4', 'm.012zkg5r', 'm.012zk7ct']",what is the starring of the 106.0 minute long movie Taylor Lautner appear in,"['m.02686wj', 'm.07cdy_t', 'm.0cmdl80', 'm.0mzt5cs', 'm.0gx8qcw', 'm.06zs80t', 'm.066b_n', 'm.0g_w5hs', 'm.0ngj__s', 'm.06crgb', 'm.06_wqk4', 'm.011q0_7k', 'm.012z_7zt', 'm.03nm_fh', 'm.075wx89', 'm.0bdwfqj']",SA
"What are two good things to do when you're in Sacramento, CA in the Pacific Time Zone?","[{'kb_id': 'm.03mdd2l', 'text': 'Raging Waters Sacramento'}, {'kb_id': 'm.0d7nnr', 'text': 'Folsom Lake'}]",b street theatre,m.0k4wq0k,['m.0hn6bxg'],"what is the notable types of the are two good things to do when you're in Sacramento, CA in the Pacific Time Zone","['m.03mdd2l', 'm.04zw2d7', 'm.010gtbbm', 'm.010gtq0p', 'm.01973x', 'm.01l849']",SA
What 7 central american countries have a country calling code number greater than 506?,"[{'kb_id': 'm.05qx1', 'text': 'Panama'}]",honduras,m.03h2c,['m.06nm1'],what is the official language of the 7 central american countries have a country calling code number greater than 506,"['m.05qx1', 'm.01p8s', 'm.0164b', 'm.0345_', 'm.03h2c', 'm.02k8k', 'm.05c74', 'm.0b90_r', 'm.0d060g', 'm.0162v', 'm.0d04z6', 'm.01p1v', 'm.06s0l', 'm.0jgd', 'm.07ylj', 'm.05r7t', 'm.01ls2', 'm.016wzw', 'm.0165v', 'm.05v10', 'm.07twz', 'm.027rn', 'm.02k1b', 'm.0hbgh', 'm.06ryl', 'm.034m8', 'm.06s6l', 'm.035yg']",SA
What animated type movies did Adam Sandler star in?,"[{'kb_id': 'm.010rdrd1', 'text': 'Pixels'}, {'kb_id': 'm.02m7tn', 'text': 'Eight Crazy Nights'}]",grown ups,m.0640m69,"['m.0k56kt', 'm.09jzs2p']",who is the film casting director of the animated type movies Adam Sandler star in,"['m.010rdrd1', 'm.02m7tn', 'm.01h3y_', 'm.0ch3qr1', 'm.03qfpk', 'm.012z_7zt', 'm.02f6g5', 'm.02bhsc', 'm.03z20c', 'm.02q3pj', 'm.047svrl', 'm.074w86', 'm.0640m69', 'm.02hwd1n', 'm.0mzt5cs', 'm.087pfc', 'm.07kb7vh']",SA
What are the names of current actors that also worked as Disney kids?,"[{'kb_id': 'm.064ndq', 'text': 'Diane Disney Miller'}]",steamboat willie,m.07bp0,"['m.04rcl7', 'm.01795t']",who is the production companies of the names of current actors that also worked as Disney kids,"['m.015yg9', 'm.057ph', 'm.0k5mc', 'm.02fzs', 'm.015xg2', 'm.0gy6vnr', 'm.02nj20', 'm.01_1p3', 'm.0b1ywz', 'm.02h6nmf', 'm.07ssc', 'm.0bjqh', 'm.018wng', 'm.09889g', 'm.07k55vt']",SA
What is the most recent movie that featured the star from the film A Fatal Desire?,"[{'kb_id': 'm.0ch39jf', 'text': 'Something Wicked'}]",summer of no return,m.0bpjl44,['m.0jsg2m'],what is the notable types of the most recent movie that featured the star from the film A Fatal Desire,"['m.026m4h2', 'm.0dn4_h', 'm.07yj27l', 'm.080cd4y', 'm.063k940', 'm.063k943', 'm.0bpjl44', 'm.0bpjkvp', 'm.0gycjdh', 'm.02hrh1q', 'm.0bpjl9w', 'm.0gycjds', 'm.0bpjl94', 'm.0gksf_d', 'm.0bpjkny', 'm.0bpjkl7', 'm.0bpjkxx', 'm.0bpjky8', 'm.0bpjkz6', 'm.0bpjl6q', 'm.0bpjl9j', 'm.0bpjkdy']",SA
What happened in Dunkirk during WW2 involving Gerd Von Rundstet?,"[{'kb_id': ':m.0jpb7', 'text': 'Battle of Dunkirk'}]",dunkirk evacuation,m.01lmvf,"['m.0_xnyw8', 'm.0_xn3_h']",what is the commanders of the thing happened in Dunkirk during WW2 involving Gerd Von Rundstet,"['m.07ssc', 'm.07_m9_', 'm.01lmvf', 'm.064nrjx', 'm.0chhs', 'm.065_621', 'm.05nqz', 'm.0g87j6', 'm.0ch1lys', 'm.028rk', 'm.02kxg_', 'm.082xp', 'm.05jdjl', 'm.05jbxq', 'm.01h6pn', 'm.03qqkw', 'm.04dqjk', 'm.01ldzf', 'm.02ptq0l', 'm.03bxm2j', 'm.03_lf', 'm.05lhw', 'm.0bs3jt', 'm.02kxjx', 'm.0fx4r', 'm.01lhv6', 'm.029lm4', 'm.05p4lwr', 'm.0flsy', 'm.049mm_', 'm.026h2x3', 'm.025rzfc', 'm.01sz70', 'm.0154j', 'm.0jpb7']",SA
In what location which was the setting of the Raid on Yarmouth does Jason Statham live?,"[{'kb_id': 'm.0p98z', 'text': 'Great Yarmouth'}]",great yarmouth,m.0p98z,"['m.0290vzf', 'm.04rzts4']",what is the image of the what location which was the setting of the Raid on Yarmouth Jason Statham live,['m.0p98z'],FP
What American League teams play in Arlington?,"[{'kb_id': 'm.07l8x', 'text': 'Texas Rangers'}]",los angeles angels of anaheim,m.04wmvz,['m.044801x'],what is the notable types of the American League teams play in Arlington,"['m.07l8x', 'm.04wmvz', 'm.05m_8', 'm.06wpc']",SA
What US State with 1005163 as total population does the Missouri river bisect?,"[{'kb_id': ':m.050l8', 'text': 'Montana'}]",nebraska,m.05fhy,"['m.02rp73h', 'm.02rp745', 'm.02rp767']",what is the military units of the US State with 1005163 as total population does the Missouri river bisect,"['m.05fhy', 'm.03s0w', 'm.04ych', 'm.05fky', 'm.050l8', 'm.06mz5', 'm.0488g', 'm.09c7w0']",SA
What is the name of the currency used in the place where Quechuan is spoken?,"[{'kb_id': 'm.0b423v', 'text': 'Peruvian nuevo sol'}]","quichua, santiago del estero language",m.026sysr,['m.05tjr95'],what is the parent of the name of the currency used in the place where Quechuan is spoken,"['m.04pnx', 'm.02k1b', 'm.0165v', 'm.01ls2', 'm.02j71', 'm.016wzw', 'm.07c5l', 'm.01p1v', 'm.026sysr']",FP
What is the hometown of the official with the title Collector of the Port of Philadelphia?,"[{'kb_id': 'm.0mmyl', 'text': 'Westmoreland County'}]",dr. william bache,m.0c6c337,['m.0c6c336'],what is the government positions held of the hometown of the official with the title Collector of the Port of Philadelphia,"['m.0h6fyh', 'm.0c6cz03', 'm.0c6c355', 'm.0c6bwhz', 'm.0c6bt2r', 'm.0c6cybt', 'm.0c6cybd', 'm.0c6c33w', 'm.0c6bz43', 'm.0c6c337', 'm.0c6cb0f', 'm.0c6c32t', 'm.0c6c32d', 'm.0c6cz0j', 'm.0c6cb0w', 'm.0c6bz3q', 'm.0c6bz39', 'm.0c6btmd', 'm.0c6bz4j', 'm.0c6bwhk', 'm.0c6c349', 'm.0c6cb18', 'm.0c6c34r', 'm.0c6bz2h', 'm.0c6bt35', 'm.0c6cy9_', 'm.0c6bz2x']",SA
What American league west team features a Third baseman player?,"[{'kb_id': 'm.05m_8', 'text': 'Oakland Athletics'}]",texas rangers,m.07l8x,['m.0h8b0'],what is the league of the American league west team features a Third baseman player,"['m.04wmvz', 'm.05m_8', 'm.06wpc', 'm.07l8x', 'm.05kmnv1']",SA
Who played the part that was born in Hill Valley's dad?,"[{'kb_id': 'm.023n2z', 'text': 'George McFly'}]",courthouse square,m.02vrvds,['m.029q2hk'],what is the image of the person played the part that was born in Hill Valley's dad,"['m.02gbpb', 'm.0f3zf_', 'm.0jty5k', 'm.0jty72', 'm.0jty89', 'm.0jty8g', 'm.0jty60', 'm.0jty7d', 'm.0jty8m', 'm.02h40lc', 'm.023mw_', 'm.0js32pf', 'm.03tp4', 'm.02gbn3', 'm.01f7j9', 'm.010py2s2', 'm.010gtbbm', 'm.010gtq0p', 'm.0jvbbn', 'm.03gq7w4', 'm.06vywm', 'm.02vrvds', 'm.04_1l0v', 'm.0js32pj', 'm.0b3x55h', 'm.0qcr0', 'm.0vygckj', 'm.025wq4p', 'm.047grmq', 'm.03csyz', 'm.0jty5w', 'm.0crrc7t', 'm.0vynj86', 'm.0cgbkwm', 'm.03x0b8', 'm.0jty5q', 'm.0jty77', 'm.0jty8s', 'm.071x0k', 'm.02tf1y', 'm.08lbv4y', 'm.0gjf9gf', 'm.04q657', 'm.04k0cb', 'm.02vq9y_', 'm.07bcn', 'm.04klm1y', 'm.0jlt5', 'm.04xnqp', 'm.077tsy', 'm.07cllr', 'm.02s8y', 'm.0hqvvd_', 'm.0gdlfg', 'm.06w54m', 'm.02723p8', 'm.0cmlt_5', 'm.0b3x558', 'm.01ppb4g', 'm.02jxkw', 'm.0jty5d']",SA
Who dated the award nominee for " A Love Song for Bobby Long?"?,"[{'kb_id': 'm.01g0jn', 'text': 'nm1157013'}, {'kb_id': 'm.01kgv4', 'text': 'Josh Hartnett'}, {'kb_id': 'm.028r4y', 'text': 'Topher Grace'}, {'kb_id': 'm.02fybl', 'text': 'Jared Leto'}, {'kb_id': 'm.036hf4', 'text': 'Ryan Reynolds'}, {'kb_id': 'm.055zkh', 'text': 'Patrick Wilson'}, {'kb_id': 'm.0j1yf', 'text': 'Justin Timberlake'}]",mothman,m.0hnbd6j,['m.02h40lc'],what is the languages of the person dated the award nominee for " A Love Song for Bobby Long? ","['m.01_gx7z', 'm.0gw8dbj', 'm.01_h2ml', 'm.01_gxmf', 'm.01_gnln', 'm.01_gy23', 'm.01_gy34', 'm.01_g_wb', 'm.03dr9zj', 'm.01_gy_2', 'm.01_gzm2', 'm.01_gx2l', 'm.03dr9yk', 'm.01_gnkq', 'm.01_gxzf', 'm.01_h2j3', 'm.01_gx6f', 'm.01_gx47', 'm.03dr9xz', 'm.07nqjfb', 'm.07nqjjv', 'm.01_gzyh', 'm.07nqj93', 'm.07nqjf_', 'm.07nqjbn', 'm.07nqjjm', 'm.07nqjhr', 'm.07nqjfs', 'm.07nqjdg', 'm.07nqjc_', 'm.01_gtw7', 'm.07nqjg6', 'm.07nqjjd', 'm.07nqjbw', 'm.07nqjh9', 'm.07nqj8g', 'm.07nqj9_', 'm.07nqjhz', 'm.07nqjh2', 'm.07nqjb6', 'm.07nqjgw', 'm.07nqjc9', 'm.07nqj8p', 'm.07nqj9k', 'm.07nqjcj', 'm.07nqjdx', 'm.07nqjd7', 'm.07nqj87', 'm.07nqjgf', 'm.07nqj9s', 'm.07nqjcr', 'm.07nqj8x', 'm.07nqjf3', 'm.01_gv11', 'm.07nqjgn', 'm.07nqjc2', 'm.07nqjbf', 'm.07nqjfk']",SA
Kim Richards debuted in what 2007 Sundance Film Festival feature?,"[{'kb_id': 'm.0ff1st', 'text': 'Black Snake Moan'}]",tuff turf,m.02rl4qq,"['m.02822', 'm.0gw5m87', 'm.0cq22f2', 'm.0gw5m91']",what is the netflix genres of the Richards Kim Richards,"['m.0ff1st', 'm.02rl4qq', 'm.0dnh5w', 'm.04f2h9q', 'm.0d1_kl', 'm.02r2r2j', 'm.05r3nm', 'm.07wbmd', 'm.08dyxd', 'm.04f76fm', 'm.0bfmjvh']",SA
What are the names of all the movies that the artist who recorded Long Live has appeared in?,"[{'kb_id': 'm.02x3lt7', 'text': 'Hannah Montana: The Movie'}, {'kb_id': 'm.06_wqk4', 'text': ""Valentine's Day""}, {'kb_id': 'm.087wc7n', 'text': 'The Lorax'}, {'kb_id': 'm.0djb8hx', 'text': 'Jonas Brothers: The Concert Experience'}, {'kb_id': 'm.0dx5q8', 'text': 'The Giver'}]",mine,m.0fsvq5r,['m.0cnxlsz'],what is the compositions of the names of all the movies that the artist who recorded Long Live has appeared in,"['m.016z4k', 'm.039v1', 'm.02hrh1q', 'm.0dl50c', 'm.0w1hzqb', 'm.03g7rsz', 'm.04fzl64', 'm.0cmdv8y', 'm.03cl661', 'm.0h64xty', 'm.02_7frv', 'm.011lmk0n', 'm.0qs2v1z', 'm.0kt11l5', 'm.0v90yvp', 'g.11b6hzvg95', 'g.11btzxkr6h', 'g.12hhhh17b', 'g.11b7_l6mtp', 'm.0qhct4y', 'm.0qbj764']",FP
Who is the governor of the state that has Ditat Deus 2010 in their official symbol?,"[{'kb_id': 'm.02pkb1c', 'text': 'Jan Brewer'}]",manor community academy,m.0416zwc,['m.0416zwc'],what is the educational institution of the governor of the state that has Ditat Deus 2010 in their official symbol,"['m.09c7w0', 'm.0fnt0c']",SA
The artist that created the art series of Water Lilies was inspired by what?,"[{'kb_id': 'm.016s03', 'text': 'Eug¨¨ne Delacroix'}, {'kb_id': 'm.01dqt1', 'text': 'Gustave Courbet'}, {'kb_id': 'm.0233w', 'text': 'Camille Pissarro'}, {'kb_id': 'm.03fw00', 'text': 'Eug¨¨ne Boudin'}, {'kb_id': 'm.06466', 'text': 'Pierre-Auguste Renoir'}, {'kb_id': 'm.074ck', 'text': 'St¨¦phane Mallarm¨¦'}, {'kb_id': 'm.0kzxl', 'text': 'Charles-Fran?ois Daubigny'}]",edgar degas,m.0g_lz,['m.01y2hcj'],what is the notable types of the artist that created the art series of Water Lilies was The artist that created the art series of Water Lilies was,"['m.03xj1', 'm.015r61', 'm.02nxqmh', 'm.05qdh']",SA
What is the last World Series that was won by the team whose arena stadium is Hilltop Park?,"[{'kb_id': 'm.0117q3yz', 'text': '2014 World Series'}]",2010 world series,m.09gnk2r,"['m.01_gsg', 'm.01wmlm']",what is the locations of the last World Series that was won by the team whose arena stadium is Hilltop Park,"['m.0117q3yz', 'm.0ds8qct', 'm.09gnk2r']",SA
What states through which the Colorado River flows have administrative division location symbols that were adapted prior to 1899?,"[{'kb_id': 'm.01n4w', 'text': 'Nevada'}, {'kb_id': 'm.059_c', 'text': 'Colorado'}]",utah,m.07srw,"['m.09x45dl', 'm.09xgn8s', 'm.09xt3_p', 'm.0b6rdnp', 'm.09ynr_g', 'm.09wm4_s', 'm.09w41ww', 'm.09xt9s6', 'm.04lswrj', 'm.09w_1__', 'm.09wbyv5', 'm.09wst3s', 'm.09x73wh', 'm.09xjlj9', 'm.09xlg3l', 'm.09xt9k3', 'm.09xx2dg', 'm.09xxc44', 'm.09ybllb', 'm.09yjcpc', 'm.09ys6t1', 'm.09ytbyt', 'm.09ywr15', 'm.09yxmv8', 'm.0b46cx6', 'm.0b47f76', 'm.0gmk2x0', 'm.0b4927q']",what is the webpage of the thing have administrative division location symbols that were adapted prior to 1899,"['m.059_c', 'm.0b90_r', 'm.0vmt', 'm.01n4w', 'm.07srw', 'm.01n7q']",SA
What Ron Howard movies that were produced by Universal Studio?,"[{'kb_id': 'm.05y48m', 'text': 'More American Graffiti'}, {'kb_id': 'm.09m6kg', 'text': 'A Beautiful Mind'}, {'kb_id': 'm.0crrc8', 'text': ""Dr. Seuss' How the Grinch Stole Christmas""}]",parenthood,m.047nfz,['m.0jsg2m'],what is the notable types of the Ron Howard movies that were produced by Universal Studio,"['m.0crrc8', 'm.09m6kg', 'm.04ynx7', 'm.050gkf', 'm.02yf34', 'm.0f4_2k', 'm.02mh4b', 'm.047nfz', 'm.01hw5kk', 'm.034bm_', 'm.02_1sj', 'm.011yd2', 'm.065dc4', 'm.02vqsll', 'm.05h3bcc']",SA
What Portuguese-speaking country has the largest ISO numeric?,"[{'kb_id': 'm.0hzlz', 'text': 'South Africa'}]",andorra,m.0hg5,"['m.04n_y_', 'm.04n_x_', 'm.0g53z', 'm.04n_w_', 'm.04n_yh', 'm.04n_xh', 'm.043ws0']",what is the administrative divisions of the Portuguese - speaking country has the largest ISO numeric,"['m.0hg5', 'm.015fr', 'm.0d05w3', 'm.04wlh', 'm.0j4b', 'm.036b_', 'm.05r4w', 'm.02lx0']",SA
"Also the fictional universe of The Sacred Band of Stepsons universe, what does the Missouri River bisect?","[{'kb_id': ':m.0488g', 'text': 'Kansas'}]",abarsis's sacred band,m.0c1py57,['m.0ct0w1x'],what is the article of the Missouri River bisect,"['m.0dg6k5w', 'm.0c5x4cb', 'm.0c4fx_g', 'm.0cv7yz1', 'm.01gznn', 'm.0clv470', 'm.0cl7syp', 'm.0c0lmgc', 'm.0cs_596', 'm.0cm23tp', 'm.0cl_xs9', 'm.0cnb4zd', 'm.0ccbp49', 'm.0dfwbmp', 'm.0dgh09v', 'm.0c1wxvz', 'm.0c0kxqh', 'm.0czt9yp', 'm.0cnsmwp', 'm.0cn5268', 'm.0c1py57', 'm.0d9znn3', 'm.07l70h', 'm.0dgdy4w', 'm.06qmjh', 'm.0cply6r', 'm.0dc537t', 'm.0chkwkl', 'm.0cglyr4', 'm.0cl9pz4', 'm.07xtvr', 'm.015q5p', 'm.0c3vns2', 'm.0d76rm4', 'm.0462r95', 'm.0c_jkm4']",SA
Which schools did the president who spoke about the Berlin Wall attend?,"[{'kb_id': 'm.01mpwj', 'text': 'Harvard College'}, {'kb_id': 'm.02bb47', 'text': 'Stanford Graduate School of Business'}, {'kb_id': 'm.02hdpx', 'text': 'Choate Rosemary Hall'}, {'kb_id': 'm.03ksy', 'text': 'Harvard University'}, {'kb_id': 'm.03qs17', 'text': 'Noble and Greenough School'}, {'kb_id': 'm.05yk0g', 'text': 'Canterbury School'}, {'kb_id': 'm.05zl0', 'text': 'Princeton University'}, {'kb_id': 'm.08kml_', 'text': 'Riverdale Country School'}, {'kb_id': 'm.0b7824', 'text': 'Dexter School'}, {'kb_id': 'm.0ccg42', 'text': 'Edward Devotion School'}]",berlin sch?nefeld airport,m.01nxmp,"['m.04nxmb', 'm.0156q', 'm.011typ7p']",what is the serves of the schools did the president who spoke about the Berlin Wall attend,"['m.0345h', 'm.01nxvl', 'm.01nxmp', 'm.017wh', 'm.01ck3b', 'm.0czcd0t', 'm.09rmp2', 'm.011x0h5c', 'm.0cksc_', 'm.022f79', 'm.049dzz', 'm.02qgcr1', 'm.09glnr', 'm.043rr4p', 'm.05x4lq', 'm.0ck5qdb', 'm.09j9gdc', 'm.09j5p40', 'm.0264v8r', 'm.014kf8', 'm.0hhtbrc', 'm.02xtzr', 'm.0g5sbyx']",SA
What Kim Richards work had the story written by Alexander Key?,"[{'kb_id': 'm.04f2h9q', 'text': 'Escape to Witch Mountain'}, {'kb_id': 'm.04f76fm', 'text': 'Race to Witch Mountain'}, {'kb_id': 'm.05r3nm', 'text': 'Return from Witch Mountain'}]",escape to witch mountain,m.04f2h9q,['m.037lyl'],who is the music of the Kim Richards work had the story written by Alexander Key,"['m.04f2h9q', 'm.0h2y40q', 'm.0gwsp2q', 'm.0h2y454', 'm.0h2y44x', 'm.0h2y44p', 'm.0h2y45c', 'm.015cjr', 'm.0d1_kl', 'm.02rl4qq', 'm.02r2r2j', 'm.0dnh5w', 'm.0ff1st', 'm.07998x', 'm.08dyxd', 'm.04f76fm', 'm.07wbmd', 'm.0bfmjvh', 'm.0kprdf', 'm.0j3r1t4', 'm.0h2y3_v', 'm.0h2y420', 'm.0h2y401', 'm.05r3nm']",NA
"What did the religious leader, Martin Luther do as a career?","[{'kb_id': 'm.05xjb', 'text': 'Priest'}]",lutheranism,m.04pk9,['m.015j7'],"what is the texts of the religious leader, Martin Luther do as a career","['m.02rpq', 'm.042x_', 'm.045m1_', 'm.046f1', 'm.0m1wd', 'm.05sfs', 'm.04pk9', 'm.0c8wxp']",SA
Who was born in North Hollywood and dated Brad Pitt?,"[{'kb_id': 'm.0bblqk', 'text': 'Shalane McCall'}]",angelina jolie,m.0f4vbz,"['m.01d_h8', 'm.02hrh1q', 'm.02jknp', 'm.0cbd2', 'm.0d1pc', 'm.0dxtg', 'm.0np9r', 'm.0kyk']",who is the profession of the was born in North Hollywood and dated Brad Pitt,"['m.0f4vbz', 'm.0bblqk', 'm.09yrh']",FP
What entertaining event in Vienna Austria has been happening since 1993?,"[{'kb_id': 'g.121ymzrf', 'text': 'Rock im Park'}]",st. peter's church,m.0bygq4,['m.0bygqb'],what is the article of the entertaining event in Vienna Austria has been happening since 1993,"['m.098gjd', 'm.071ygm', 'm.021c8v', 'm.0c1v9t', 'm.0bygq4', 'm.02w4zw', 'm.0b0lgr', 'm.09fvwy', 'm.015_kq', 'm.04zct1', 'm.04lv9z', 'm.01c921', 'm.08v5y9', 'm.02q__dl', 'm.079jqn', 'm.0czbmkt']",SA
Who dated the award nominee for " A Love Song for Bobby Long?"?,"[{'kb_id': 'm.01g0jn', 'text': 'nm1157013'}, {'kb_id': 'm.01kgv4', 'text': 'Josh Hartnett'}, {'kb_id': 'm.028r4y', 'text': 'Topher Grace'}, {'kb_id': 'm.02fybl', 'text': 'Jared Leto'}, {'kb_id': 'm.036hf4', 'text': 'Ryan Reynolds'}, {'kb_id': 'm.055zkh', 'text': 'Patrick Wilson'}, {'kb_id': 'm.0j1yf', 'text': 'Justin Timberlake'}]",melodrama,m.01lrrt,['g.125bn2vcf'],the person dated the award nominee for " A Love Song for Bobby Long? " is notable for what,"['m.0kt3d', 'm.01d_h8', 'm.02fqwt', 'm.02114t', 'm.0gcjxbz', 'm.04h9cn', 'm.070bqk', 'm.0gc_bpx', 'm.0f502', 'm.0cpkc8', 'm.02y3xn', 'm.02hrh1q', 'm.05nndn', 'm.07_pml', 'm.0c08nvp', 'm.06s7y4', 'm.0fkl33', 'm.01b9mq', 'm.0gc_br4', 'm.02qc1hk', 'm.06z_xh5', 'm.071t68', 'm.0b2d9z', 'm.0c44__', 'm.03m3nn7', 'm.0gc_bqn', 'm.0gc_bqd', 'm.0gc_bqx', 'm.0gc_bp7', 'm.0gc_brd', 'm.0gc_bq4', 'm.0gc_brq', 'm.0gc_bpk', 'm.01nd36', 'm.02z0w4', 'm.067ht7', 'm.03gjzk', 'm.060__y', 'm.0gg681p', 'm.04ly1', 'm.03xf_m', 'm.09l65', 'm.09ldwy', 'm.04gpf', 'm.0zwj2s3', 'm.0zwh1l7', 'm.0h1hl9_', 'm.0ql34q_', 'm.0zd46bp', 'm.09p16y', 'm.03lq60', 'm.0ng5055']",SA
"Also the fictional universe of The Sacred Band of Stepsons universe, what does the Missouri River bisect?","[{'kb_id': ':m.0488g', 'text': 'Kansas'}]",sanctuary city guard,m.0cv7yz1,['m.0c5x35j'],what is the place of origin of the Missouri River bisect,"['m.0488g', 'm.09c7w0']",SA
What does the artist that was nominated for "The Audacity of Hope" have a degree in?,"[{'kb_id': 'm.062z7', 'text': 'Political Science'}]",political science,m.062z7,"['m.0hzqv54', 'm.0113gry7', 'm.0dsfc2s', 'm.0cz1r_', 'm.08gnqk', 'm.04q8jmz', 'm.0413m1y', 'm.0fk49w', 'm.0h54r1s', 'm.0gywyw4', 'm.03nx10b', 'm.05srspc', 'm.0cz9cd1', 'm.09ghh5k', 'm.0412wlz', 'm.09gb1ql', 'm.0wklfpv', 'm.09g9mxq', 'm.051xc1x', 'm.08zyjd', 'm.0hhv3td', 'm.0g53zcd', 'm.0416840', 'm.0k0kptl', 'm.08zyh0', 'm.0gjrd9', 'm.0wx_9hy', 'm.0h7ls4t', 'm.0g_wm1', 'm.052syrr', 'm.0fcz5d', 'm.0hqz_84', 'm.03ccfxz', 'm.06v15_', 'm.04d_pf_', 'm.0h564qc', 'm.0h54thd', 'm.065_v61', 'm.02psw13', 'm.047rxgj', 'm.0kvj_9j', 'm.03chmtz', 'm.03cyvy5', 'm.04q84f1', 'm.026m23g', 'm.03hh22q', 'm.05sr7yv', 'm.026wczq', 'm.012m60ry', 'm.02vmhxn', 'm.0r3w3lg', 'm.05mtmb7', 'm.0br_jdb', 'm.08zyb4', 'm.0yqkvqt', 'm.0wjqsn3', 'm.04p9pk', 'm.0w2_bj0', 'm.0hzpy4g', 'm.010rb0dp', 'm.09jq6y', 'm.02pyv7v', 'm.012m87c1', 'm.0wj1fht', 'm.0qfq1kg', 'm.0zds1cr', 'm.03cyr7q', 'm.0f97_j', 'm.02q19_7', 'm.0wk51d9', 'm.0h55p8s', 'm.026wlrc', 'm.0wxxwts', 'm.0pk_hj0', 'm.026mp_x', 'm.08t5tk', 'm.0hgq66g', 'm.0ndx2cs', 'm.0h62t5d', 'm.0gkxwkg', 'm.0gg81nc', 'm.0fpj3dy', 'm.09g6l6s', 'm.0bmgs01', 'm.0n3zrhl', 'm.0czcj4b', 'm.03c9ctg', 'm.0hhrhz7', 'm.05mvcnk', 'm.03grcl6', 'm.0wy3b8h', 'm.0g9tjk1', 'm.0pk_p3s', 'm.0q59qmt', 'm.04y8vnn', 'm.010hq9_t']",what is the journals in this discipline of the thing does the artist that was nominated for " The Audacity of Hope " have a degree in,"['m.062z7', 'm.0dfzl4x', 'm.0fj9f', 'm.0kyk', 'm.0cbd2', 'm.04gc2', 'm.0dj_22', 'm.0fz465']",NA
What is the guitar preference for the lyricist who wrote "Pen Cap Chew?"?,"[{'kb_id': 'm.047q4j', 'text': 'Fender Jag-Stang'}]",fender jag-stang,m.047q4j,['m.0484q'],who is the guitarists of the guitar preference for the lyricist who wrote " Pen Cap Chew? ","['m.047q4j', 'm.0n1h', 'm.0nbcg', 'm.039v1', 'm.012b30', 'm.03hz6vv', 'm.09l65', 'm.09jwl', 'm.0fb0v', 'm.03rkgx', 'm.08433']",NA
Who held Secretary of State after the Battle of Vicksburg?,"[{'kb_id': 'm.07t2k', 'text': 'Ulysses S. Grant'}]",phil keisling,m.026v8cr,['m.05kj_'],what is the place of birth of the person held Secretary of State after the Battle of Vicksburg,"['m.04tgp', 'm.07ssc', 'm.0nfv_', 'm.0rh6k', 'm.05kkh', 'm.07z1m']",SA
What was the team of the actor who acted in NHL: All Access! ?,"[{'kb_id': 'm.0jnmj', 'text': 'Edmonton Oilers'}]",liberia,m.04hzj,['m.01mp'],what is the notable types of the team of the actor who acted in NHL: All Access!,"['m.0rh6k', 'm.059dn', 'm.01d9r3', 'm.0c9rw5', 'm.06s_2', 'm.0493788', 'm.0d05w3', 'm.05r7t', 'm.05nnzj', 'm.03s8ty', 'm.0cqfbfm', 'm.047t_', 'm.04c6sht', 'm.01_d4', 'm.03_3d', 'm.0d6lp', 'm.0ctw_b', 'm.02_286', 'm.08__h_w', 'm.048_4q3', 'm.04fl3qp', 'm.04939hm', 'm.0493774', 'm.04bfg3x', 'm.049378y', 'm.049374f', 'm.027nb', 'm.0c09_k8', 'm.06s6l', 'm.0l3h', 'm.06ryl', 'm.035yg', 'm.034tl', 'm.04gd7', 'm.0164b', 'm.03h64', 'm.07z5n', 'm.040q4wm', 'm.05cnr', 'm.0160w', 'm.07ytt', 'm.03pmt', 'm.06s9y', 'm.06s0l', 'm.0162v', 'm.03h2c', 'm.063wqc8', 'm.011c1fjn', 'm.034m8', 'm.0cc56', 'm.050ks', 'm.03spz', 'm.06nm1', 'm.0wxy7nm', 'm.0mpbx', 'm.05cgv', 'm.035hm', 'm.02wt0', 'm.04v3q', 'm.088q4', 'm.05qkp', 'm.03__f', 'm.03ryn', 'm.0hzlz', 'm.04hvw', 'm.05br2', 'm.0166v', 'm.07fsv', 'm.04hzj', 'm.063wqcc', 'm.02h40lc', 'm.06t2t', 'm.01nty', 'm.07tp2', 'm.0165b', 'm.0d060g', 'm.04wcf', 'm.02kdw56', 'm.05v8c', 'm.04v6v', 'm.0hbgh', 'm.01nln', 'm.03rk0', 'm.0hjy', 'm.01n4w', 'm.02xry', 'm.03wzc6t', 'm.05sb1', 'm.03rt9', 'm.0162b', 'm.07fr_', 'm.03nyl', 'm.06tw8', 'm.06v36', 'm.035dk', 'm.020p1', 'm.027wjl3', 'm.05bmq', 'm.02pmtdt', 'm.06m_5', 'm.07dzf', 'm.026wtlf', 'm.09wfqp', 'm.0rdr4', 'm.059f4', 'm.05fkf', 'm.05k7sb', 'm.081yw', 'm.088vb', 'm.06dfg', 'm.01ppq', 'm.06kmqz', 'm.02s9vc', 'm.04g1pdw', 'm.0fbj_n', 'm.06w1f95', 'm.06zn0wv', 'm.0410wvr', 'm.05b43j0', 'm.02wvkcb', 'm.03wdkly', 'm.0h5q3s', 'm.03y8wrh', 'm.099qfx', 'm.028bjf1', 'm.0g1v4c', 'm.026pgs1', 'm.0949mf', 'm.03d1rnw', 'm.0gthvn', 'm.02lx0']",SA
What is the most recent movie that featured the star from the film A Fatal Desire?,"[{'kb_id': 'm.0ch39jf', 'text': 'Something Wicked'}]",500 millibars to ecstasy,m.0bpjkdy,['m.01q61k'],the most recent movie that featured the star from the film A Fatal Desire is directed by who,"['m.02hrh1q', 'm.0dn4_h', 'm.07yj27l']",SA
